SUBJECT,  [Women in Electrical Engineering]
 Marlowe B by  Presenter 1
PERIOD, STUDENT LAST, STUDENT FIRST
1, Robinson, Samuel
1, Hall, Scarlett
1, Gonzalez, Ethan
1, Hall, Mia
1, Flores, Elijah
2, Clark, Aiden
2, Jackson, Lily
2, Carter, Scarlett
2, Lee, Owen
2, Clark, Charlotte
2, Scott, Logan
2, Hall, Oliver
2, Campbell, Mila
2, Martin, William
2, Wilson, Carter
2, Robinson, Jack
2, Flores, Lucas
2, Hernandez, Harper
3, Davis, Mia
3, Robinson, Amelia
3, Scott, Joseph
3, Sanchez, Sophia
3, White, Emma
3, Lee, Scarlett
3, Hernandez, Ella
3, Anderson, Owen
3, Torres, Riley
3, Carter, Carter
3, Martinez, Mason
3, Clark, Elijah
3, Walker, Scarlett
4, Harris, Sophia
4, Johnson, William
4, Hernandez, Aiden
4, Flores, Aria
4, Rodriguez, Jack
4, Mitchell, Layla
4, Green, Evelyn
4, Robinson, Evelyn
4, White, Ella


SUBJECT,  [Why You need a resume]
 Greystone M by  Presenter 2
PERIOD, STUDENT LAST, STUDENT FIRST
1, Thompson, Chloe
1, Nguyen, Logan
1, Sanchez, Oliver
1, Rivera, Mateo
1, Rodriguez, Liam
1, Clark, Nora
1, Williams, Ethan
1, Carter, Jackson
1, Scott, Logan
1, Perez, Harper
2, Mitchell, Harper
2, Campbell, Mason
2, Baker, Sophia
2, Torres, Chloe
2, Anderson, James
2, Hernandez, Ella
2, Nelson, Zoey
2, Hernandez, Levi
2, Williams, Gianna
2, Campbell, Ella
3, Lewis, Samuel
3, Garcia, Jack
3, Miller, Oliver
3, Roberts, Grace
3, Ramirez, Mason
3, Thompson, Emma
4, Hill, Aria
4, Lewis, Jackson
4, Smith, Alexander
4, Thomas, Charlotte
4, Thompson, Jack
4, King, Ethan
4, Flores, Lucas
4, Smith, Owen


SUBJECT,  [The Role of Local Government in Everyday Living]
 Kingsley O by  Presenter 3
PERIOD, STUDENT LAST, STUDENT FIRST
1, King, Elijah
1, Roberts, Zoey
1, Anderson, Harper
1, Brown, Mateo
1, Carter, Emma
1, Torres, Jack
1, Lee, Amelia
1, Martin, Jackson
1, Hall, Aria
1, Wilson, Carter
1, King, Mason
1, Campbell, Ella
1, Perez, Lily
2, Rodriguez, Jack
2, Young, Samuel
2, Adams, Chloe
2, Martinez, Luna
2, Perez, Grace
2, White, Sebastian
2, Nelson, Mila
3, Nguyen, Levi
3, Scott, Camila
3, Brown, Olivia
3, Adams, Mia
4, Davis, Mia
4, Thompson, Chloe
4, Davis, Amelia
4, Gonzalez, Lily
4, Walker, Emma
4, Flores, Charlotte
4, Harris, Samuel


SUBJECT,  [Architecture - designing buildings big & small]
 Eversley A by  Presenter 4
PERIOD, STUDENT LAST, STUDENT FIRST
1, Ramirez, Aria
1, King, Ethan
1, Williams, Joseph
2, Roberts, Ella
2, King, Aiden
2, Hernandez, William
2, Baker, Carter
2, Mitchell, Layla
2, Green, Evelyn
2, Williams, Jack
2, Roberts, Amelia
2, Gonzalez, Ellie
2, Williams, Carter
2, Gonzalez, Wyatt
2, Perez, Levi
3, Hill, Layla
3, Wilson, Olivia
3, Rodriguez, Jack
3, Torres, Aria
3, Smith, Lucas
4, Walker, Aiden
4, Carter, Elijah
4, Carter, Emma
4, Robinson, Lucas
4, Robinson, Jack
4, Hernandez, Harper


SUBJECT,  [Career & Educational opportunities in the Air Force]
 Tennyson C by  Presenter 5
PERIOD, STUDENT LAST, STUDENT FIRST
1, Flores, Gianna
1, Ramirez, Joseph
1, Carter, Mila
1, Flores, Joseph
1, Harris, Levi
1, Nelson, Jackson
1, Hall, Olivia
1, Green, Mia
1, Perez, Joseph
2, Roberts, Benjamin
2, Martin, Charlotte
2, Ramirez, Charlotte
2, Martinez, Mason
2, Adams, Mia
3, Mitchell, Harper
3, Torres, Lily
3, Roberts, Jackson
3, Anderson, Levi
3, Nelson, Zoey
3, Torres, Evelyn
3, Gonzalez, Ellie
4, Lee, William
4, Williams, Aria
4, Young, Ava
4, Brown, Noah
4, Ramirez, Owen
4, Allen, Ethan
4, Moore, Joseph


SUBJECT,  [Career Paths for the Orthodontist]
 Fitzwilliam J by  Presenter 6
PERIOD, STUDENT LAST, STUDENT FIRST
1, White, Liam
1, Perez, Gianna
1, Roberts, Sophia
1, Williams, Ethan
1, Torres, Elijah
1, Perez, Nora
1, Clark, Charlotte
1, Mitchell, Layla
1, Green, Evelyn
1, Gonzalez, Ellie
1, Gonzalez, Wyatt
1, Carter, Riley
2, Martinez, Amelia
2, Robinson, Amelia
2, Lee, Ella
2, Smith, Alexander
2, Williams, Liam
2, Allen, Ava
2, Walker, Scarlett
3, Young, Luna
3, Gonzalez, Zoey
3, Smith, Benjamin
3, Taylor, Oliver
3, Anderson, James
3, Smith, Jackson
3, Martinez, Luna
3, Roberts, Amelia
3, Nelson, Mila
4, Nelson, Mia
4, Martin, Camila
4, Hernandez, Ella
4, Jackson, Ava
4, Miller, Oliver
4, Robinson, Ellie
4, Torres, Evelyn
4, King, Mason
4, Williams, Joseph


SUBJECT,  [Personalities & Career Explorations]
 Ashford S by  Presenter 7
PERIOD, STUDENT LAST, STUDENT FIRST
1, Thompson, Chloe
1, Young, Ava
1, Sanchez, Liam
1, Roberts, Jackson
1, Miller, Carter
1, Rivera, Amelia
1, Lee, Jackson
1, Wright, Carter
1, Harris, Gianna
2, Torres, Lily
2, Rodriguez, Liam
2, Brown, Noah
2, Rivera, Zoey
2, Jackson, Levi
3, Robinson, Samuel
3, Hall, Scarlett
3, Williams, Ethan
3, Carter, Jack
3, Baker, Sophia
3, Sanchez, Oliver
3, Perez, Harper
4, Anderson, Chloe
4, Perez, Gianna
4, Nelson, Scarlett
4, Lewis, Mila
4, Ramirez, Charlotte
4, Roberts, Grace
4, Rivera, Oliver
4, Campbell, Ella


SUBJECT,  [Finanical Literacy for Students]
 Yardley A by  Presenter 8
PERIOD, STUDENT LAST, STUDENT FIRST
1, Smith, Liam
1, Green, Layla
1, Rodriguez, Jack
1, Williams, Jack
1, Jackson, Ava
1, Moore, Riley
1, White, Benjamin
1, Carter, Ava
2, Wilson, Scarlett
2, Rivera, Mateo
2, Garcia, Jack
3, Nelson, Mia
3, Smith, Aria
3, Nelson, Scarlett
3, Perez, Levi
4, Torres, Lily
4, Miller, Oliver
4, Thomas, Harper
4, Torres, Chloe
4, Smith, Jackson
4, Thompson, Emma


SUBJECT,  [Nursing-the Most Versatile and Rewarding Career]
 Quincy B by  Presenter 9
PERIOD, STUDENT LAST, STUDENT FIRST
1, Miller, Oliver
1, Martin, Isabella
1, Rodriguez, Aria
1, Robinson, Lucas
1, Nelson, Zoey
1, Nelson, Henry
1, Robinson, Ellie
1, Flores, Charlotte
1, Roberts, Amelia
2, Mitchell, Olivia
2, King, Elijah
2, Lee, Amelia
2, Harris, Nora
2, Wright, Logan
2, Smith, Owen
2, Mitchell, Jack
3, Hill, Joseph
3, Roberts, Nora
3, Torres, Elijah
3, Miller, Amelia
3, Torres, Chloe
3, Martinez, Jackson
3, Green, Evelyn
3, Mitchell, Isabella
3, Williams, Liam
3, Moore, Amelia
4, Adams, Chloe
4, Jones, Samuel
4, Scott, Alexander
4, Perez, Nora
4, Baker, Scarlett
4, Lee, Scarlett
4, Baker, Carter
4, Young, Ella
4, Perez, Oliver


SUBJECT,  [Treating Cancer with Radiation]
 Greystone O by  Presenter 10
PERIOD, STUDENT LAST, STUDENT FIRST
1, Adams, Harper
1, Scott, Scarlett
1, Nelson, Mia
1, Baker, Sophia
1, Brown, Noah
1, Campbell, Olivia
1, Scott, Noah
1, Williams, Gianna
1, Hernandez, Harper
2, Carter, Gianna
2, Johnson, Emma
2, Nelson, Mateo
2, Martin, Gianna
2, Baker, Scarlett
2, Lewis, Jackson
2, Martinez, Jackson
2, Robinson, Ellie
2, Moore, Amelia
2, Anderson, Aiden
2, Williams, Joseph
3, Martin, Camila
3, Rivera, Joseph
3, Roberts, Sophia
3, Torres, Emma
3, Hernandez, Daniel
3, Robinson, Evelyn
3, Wright, Carter
4, Sanchez, Oliver
4, Scott, Camila
4, Nelson, Jackson
4, Clark, Liam
4, Hernandez, Levi
4, Martinez, Mason
4, Torres, Aria
4, Hall, Mia
4, Taylor, Benjamin


SUBJECT,  [Why Everyone Needs A Good Lawyer and How to Become One]
 Wainwright J by  Presenter 11
PERIOD, STUDENT LAST, STUDENT FIRST
1, Torres, Chloe
1, Garcia, Jack
1, King, Ava
1, Moore, Amelia
1, Nelson, Mila
1, Adams, Mia
2, Green, Layla
2, Rivera, Joseph
2, Smith, Aria
2, Jackson, Ava
2, Martin, Jackson
2, Moore, Joseph
2, Carter, Riley
3, Mitchell, Olivia
3, Lewis, Jackson
3, Garcia, James
3, King, Mason
4, Roberts, Ella
4, Hernandez, Levi
4, Lewis, Samuel
4, Miller, Carter


SUBJECT,  [Career in the Legal Profession]
 Fitzwilliam E by  Presenter 12
PERIOD, STUDENT LAST, STUDENT FIRST
1, Johnson, William
1, Rivera, Joseph
1, Harris, Nora
1, Roberts, Grace
1, Mitchell, Jack
2, Jones, Samuel
2, Torres, Lily
2, Lee, Scarlett
2, Walker, Layla
2, Thompson, Jack
2, Wright, Levi
2, White, Ella
3, Allen, Aria
3, Anderson, Harper
3, Thompson, Lucas
3, Walker, Aiden
3, Martin, Charlotte
3, Torres, Jack
3, Young, Ella
3, Wilson, Zoey
3, Harris, Samuel
3, Perez, Grace
4, Robinson, Samuel
4, Hall, Lily
4, King, Aiden
4, Flores, Joseph
4, Moore, Henry
4, Scott, Logan
4, Hall, Oliver
4, Nelson, Zoey


SUBJECT,  [Planes Trains and Automobiles - Mechanical Engineering in many sectors]
 Radcliffe L by  Presenter 13
PERIOD, STUDENT LAST, STUDENT FIRST
1, Thomas, Harper
1, Lewis, Samuel
1, Mitchell, Jackson
1, Wilson, Zoey
1, Ramirez, Charlotte
1, Robinson, Jack
2, Perez, Ella
2, Clark, Jackson
2, Carter, Jack
2, Clark, Nora
2, Davis, Scarlett
2, Anderson, Levi
2, Mitchell, Isabella
2, Torres, Aria
2, Flores, William
2, Wright, Carter
2, Smith, Lucas
3, Jones, Samuel
3, Roberts, Ella
3, Scott, Lucas
3, Harris, Nora
3, Martin, William
4, Rodriguez, Olivia
4, Williams, Mila
4, Jones, Mia
4, Lee, Alexander
4, Hernandez, Olivia
4, Wright, Layla
4, Ramirez, Joseph
4, Brown, Olivia
4, Wright, Scarlett


SUBJECT,  [Follow the Money to Stop the Crime]
 Beaumont S by  Presenter 14
PERIOD, STUDENT LAST, STUDENT FIRST
1, Thomas, Ava
1, Young, Luna
1, King, Aiden
1, Carter, Scarlett
1, Torres, Lily
1, Walker, Layla
1, Martinez, Mason
1, Rivera, Oliver
1, Clark, Elijah
2, Carter, Levi
2, King, Charlotte
2, Hernandez, Aiden
2, Brown, Olivia
2, Roberts, Mila
2, Perez, Oliver
3, White, Ethan
3, Wright, Levi
3, Taylor, Benjamin
4, Perez, Ella
4, Anderson, Harper
4, Thompson, Mila
4, Hernandez, Daniel
4, Roberts, Jackson
4, Young, Samuel


SUBJECT,  [Space Based Intelligence Software]
 Haverford G by  Presenter 15
PERIOD, STUDENT LAST, STUDENT FIRST
1, Carter, Gianna
1, Smith, Benjamin
1, Williams, Luna
1, Wright, Samuel
1, Perez, Oliver
1, Martinez, Levi
1, White, Sebastian
2, Williams, Mila
2, Gonzalez, Lily
2, Miller, Amelia
2, Hall, Olivia
2, King, Ava
2, Perez, Joseph
2, Roberts, Charlotte
3, Thompson, Chloe
3, Torres, Lily
3, Jones, Mia
3, Scott, Wyatt
3, Mitchell, Layla
3, Lewis, Mila
3, Davis, Scarlett
3, Hernandez, Levi
3, Rivera, Amelia
3, Williams, Carter
4, Mitchell, Harper
4, Clark, Jackson
4, Hill, Joseph
4, Williams, Ethan
4, Nguyen, Logan
4, Harris, Luna
4, Rodriguez, Aria
4, Nguyen, Mason
4, Harris, Nora
4, Wilson, Carter


SUBJECT,  [Career in Government]
 Ormsby M by  Presenter 16
PERIOD, STUDENT LAST, STUDENT FIRST
1, Hernandez, Olivia
1, Robinson, Elijah
1, Gonzalez, Lily
1, Martin, Charlotte
1, Ramirez, Owen
1, Clark, Liam
1, Martinez, Luna
1, Martin, William
1, White, Ella
1, Smith, Henry
1, Allen, Ava
1, Perez, Levi
2, Flores, Gianna
2, Thomas, Harper
2, Hill, Amelia
2, White, Emma
2, Miller, Oliver
2, Johnson, Owen
2, Williams, Emma
2, Perez, Harper
2, Flores, Elijah
3, Jackson, Mateo
3, Thompson, Chloe
3, Perez, Gianna
3, Rodriguez, Aria
3, Scott, Aiden
3, Mitchell, Jackson
3, Ramirez, Charlotte
3, Flores, Charlotte
3, Miller, Joseph
4, Rivera, Joseph
4, Hernandez, Aria
4, Lopez, Scarlett
4, Harris, Levi
4, Torres, Riley
4, Gonzalez, Ellie
4, Green, Mia
4, Lee, Jackson
4, Walker, Scarlett


SUBJECT,  [Careers in Chemistry at Kennedy Space Center]
 Ingram O by  Presenter 17
PERIOD, STUDENT LAST, STUDENT FIRST
1, Mitchell, Olivia
1, Wilson, Olivia
1, Scott, Joseph
1, Ramirez, William
1, Wright, Levi
1, Ramirez, Aria
1, Torres, Evelyn
2, Ramirez, Aria
2, Robinson, Lucas
2, Moore, Riley
2, Rivera, Amelia
2, Roberts, Grace
2, Roberts, Grace
2, Thompson, Emma
2, Perez, Lily
2, Clark, Elijah
3, Wright, Aria
3, Hill, Henry
3, Adams, Chloe
3, Flores, Lily
3, Moore, Henry
3, Nguyen, Mason
3, Scott, Logan
3, Lewis, Zoey
3, Green, Logan
3, Moore, Ethan
3, Wright, Logan
3, Campbell, Ella
3, Carter, Ava
4, Carter, Levi
4, Lewis, William
4, Ramirez, Scarlett
4, Scott, Scarlett
4, Smith, Liam
4, Gonzalez, Ethan
4, Martin, Isabella
4, Ramirez, Mason


SUBJECT,  [Pathways to Success in the Pharmaceutical Industry]
 Kingsley H by  Presenter 18
PERIOD, STUDENT LAST, STUDENT FIRST
1, Perez, Wyatt
1, Roberts, Nora
1, Taylor, Oliver
1, Scott, Wyatt
1, Williams, Mila
1, Lewis, Mila
1, Young, Ella
1, Mitchell, Isabella
1, Johnson, Owen
1, Taylor, Benjamin
2, Wilson, Olivia
2, Thompson, Harper
2, Scott, Joseph
2, Anderson, Harper
2, Ramirez, Joseph
2, Carter, Elijah
2, Thompson, Logan
2, Nelson, Jackson
2, Flores, Charlotte
2, Miller, Joseph
3, Hill, Aria
3, Perez, Liam
3, Clark, Nora
3, Hernandez, Aria
3, Adams, Chloe
3, Martin, Jackson
3, Williams, Joseph
3, Flores, Elijah
4, Wright, Aria
4, Martin, Gianna
4, Jackson, Lily
4, Scott, Lucas
4, Martin, Mia
4, Williams, Carter
4, Moore, Amelia


SUBJECT,  [A Career in Construction Management and Project Scheduling]
 Montgomery C by  Presenter 19
PERIOD, STUDENT LAST, STUDENT FIRST
1, Hill, Aria
1, Hill, Layla
1, White, Ethan
1, Perez, Liam
1, Mitchell, Harper
1, Allen, Ethan
1, Anderson, Levi
1, Thompson, Emma
1, Roberts, Charlotte
2, Roberts, Ava
2, Johnson, Joseph
2, Williams, Ethan
2, Smith, Jackson
2, Wilson, Zoey
3, Carter, Gianna
3, Roberts, Ella
3, Wilson, Scarlett
3, Williams, Luna
3, Wright, Samuel
3, Lee, Jackson
4, Nguyen, Aiden
4, Roberts, Sophia
4, Rivera, Mateo
4, Torres, Jack
4, Lee, Amelia
4, Green, Logan
4, Wright, Logan
4, Gonzalez, Wyatt
4, Perez, Lily
4, Perez, Levi


SUBJECT,  [Becoming a Sheriff]
 Fairfax R by  Presenter 20
PERIOD, STUDENT LAST, STUDENT FIRST
1, Torres, Emma
1, White, Emma
1, Lee, Scarlett
1, Rivera, Zoey
1, Robinson, Evelyn
1, Williams, Carter
2, Roberts, Zoey
2, Wright, Layla
2, Brown, Mateo
2, Rodriguez, Aria
2, Torres, Riley
2, Martinez, Levi
2, Lee, Jack
3, King, Elijah
3, Perez, Ella
3, Hernandez, Olivia
3, Clark, Aiden
3, Johnson, Joseph
3, Carter, Scarlett
3, Carter, Elijah
3, Lee, Owen
3, Jones, Aria
3, Baker, Carter
3, Nelson, Jackson
3, Clark, Liam
3, Robinson, Jack
4, Thompson, Chloe
4, Torres, Elijah
4, Allen, William
4, Williams, Ethan
4, Garcia, Jack
4, Nelson, Henry
4, Smith, Henry
4, Carter, Ava


SUBJECT,  [School Board Member/SLP]
 Fairfax O by  Presenter 21
PERIOD, STUDENT LAST, STUDENT FIRST
1, Lee, William
1, Roberts, Ella
1, Martin, Mia
1, Thompson, Jack
1, Wright, Scarlett
1, Carter, Carter
1, Hernandez, Levi
1, Torres, Aria
1, Williams, Liam
1, Flores, William
1, Smith, Owen
2, Jackson, Mateo
2, Nguyen, Aiden
2, Martin, Charlotte
2, Clark, Liam
2, Sanchez, Isabella
2, Ramirez, Levi
2, Harris, Lucas
2, Ramirez, Mason
2, Taylor, Benjamin
3, Ramirez, Scarlett
3, Adams, Harper
3, Martin, Gianna
3, White, Liam
3, Roberts, Benjamin
3, Hill, Amelia
3, Hernandez, Levi
3, Scott, Alexander
3, Wilson, Carter
3, White, Benjamin
3, Carter, Riley
4, Martinez, Amelia
4, Rodriguez, Liam
4, Jackson, Harper
4, Anderson, Evelyn
4, Lopez, Grace
4, Lee, Harper
4, Martin, William
4, Taylor, Mateo
4, Roberts, Amelia
4, Lee, Jack
4, King, Ava


SUBJECT,  [Exploring IT Careers]
 Ellsworth G by  Presenter 22
PERIOD, STUDENT LAST, STUDENT FIRST
1, Harris, James
1, Martin, Gianna
1, Roberts, Benjamin
1, Harris, Owen
1, Thompson, Ava
1, Green, Owen
1, Martinez, Alexander
1, Hall, Daniel
1, Robinson, Gianna
1, Harris, Samuel
1, Williams, Emma
1, Moore, Emma
1, Baker, Alexander
1, Allen, Zoey
1, Adams, Owen
1, Lee, Jack
1, Perez, Grace
1, Perez, Amelia
1, White, William
1, Thomas, Isabella
2, Lopez, Luna
2, Anderson, Elijah
2, Martin, Camila
2, Hernandez, Olivia
2, White, Ellie
2, Hall, Scarlett
2, Roberts, Ella
2, Martinez, Ava
2, Davis, Amelia
2, Hill, Ellie
2, Harris, Levi
2, Taylor, Gianna
2, Flores, Aria
2, Campbell, Olivia
2, Wright, Benjamin
2, Thompson, Ava
2, Adams, Scarlett
2, Rodriguez, Oliver
2, Scott, William
2, Johnson, Elijah
2, Walker, Carter
2, Rodriguez, Joseph
3, Wright, Sebastian
3, Perez, Ethan
3, Johnson, Emma
3, Nguyen, Aiden
3, Harris, Sophia
3, Williams, Aria
3, Rivera, Riley
3, Sanchez, Zoey
3, Ramirez, William
3, Thompson, Grace
3, Torres, Wyatt
3, Walker, Jackson
3, Jones, Carter
3, Williams, Jack
3, Thompson, Jack
3, Campbell, Mila
3, Nelson, Henry
3, Moore, Riley
3, Jackson, Ella
3, White, Ella
4, Roberts, Ava
4, King, Elijah
4, Robinson, Amelia
4, Hill, Sophia
4, Harris, Mateo
4, Smith, Henry
4, White, Emma
4, Garcia, Olivia
4, Taylor, Daniel
4, Brown, Jack
4, Mitchell, Isabella
4, Gonzalez, Camila
4, Thomas, Amelia
4, Sanchez, Chloe
4, King, Isabella
4, Jackson, Emma
4, Johnson, Owen
4, Clark, Jack
4, Campbell, Samuel
4, Carter, Riley
4, Flores, William
4, Perez, Harper


SUBJECT,  [Engineering: a career with many changes]
 Ravenscroft A by  Presenter 23
PERIOD, STUDENT LAST, STUDENT FIRST
1, Moore, William
1, Clark, Ellie
1, Nguyen, Levi
1, Campbell, Mason
1, Roberts, Ellie
1, Hernandez, William
1, Adams, Alexander
1, Allen, William
1, Campbell, Henry
1, Harris, Lucas
1, Scott, Lucas
1, Nelson, William
1, Moore, Henry
1, Campbell, Camila
1, Taylor, Gianna
1, Thompson, Ava
1, Nguyen, Benjamin
1, Flores, Ava
1, Jackson, Harper
1, Allen, Alexander
1, Miller, Carter
2, Davis, Mia
2, Harris, Lucas
2, Wright, Liam
2, Johnson, Samuel
2, Harris, Sophia
2, Lopez, Emma
2, Jackson, Harper
2, Sanchez, Zoey
2, Anderson, Joseph
2, Hernandez, Aria
2, Perez, Camila
2, Lewis, Noah
2, Wright, Scarlett
2, Anderson, Riley
2, Thomas, Sebastian
2, King, Mason
2, Clark, Jack
2, Harris, Samuel
2, Flores, Lucas
2, Green, Mia
2, Anderson, Nora
2, Miller, Charlotte
2, White, William
2, Allen, Logan
3, Carter, Levi
3, Nelson, Nora
3, Robinson, Elijah
3, Jones, Carter
3, Miller, Isabella
3, Torres, Benjamin
3, Clark, Gianna
3, Jackson, Levi
3, Hall, Aria
3, Taylor, Mateo
3, Hill, Ava
3, Johnson, Joseph
3, Baker, Alexander
3, Martinez, Levi
3, Allen, Zoey
3, Adams, Owen
3, Lee, Jack
3, King, Ava
3, Perez, Joseph
3, Anderson, Aiden
3, Rodriguez, Joseph
3, White, William
3, White, Evelyn
4, Thomas, Ava
4, Scott, Joseph
4, Carter, Sophia
4, Rivera, William
4, Moore, Benjamin
4, Williams, Luna
4, Scott, Noah
4, Green, Owen
4, Johnson, Elijah
4, Baker, Ella
4, Young, Sophia
4, Williams, Lily
4, Hill, Ava
4, Robinson, Gianna
4, Davis, Riley
4, Williams, Liam
4, Moore, Isabella
4, Taylor, Nora


SUBJECT,  [Science behind Police Response to Traffic Crashes]
 Blackwood I by  Presenter 24
PERIOD, STUDENT LAST, STUDENT FIRST
1, Sanchez, Charlotte
1, Baker, Layla
1, Nguyen, Aiden
1, Thomas, Lucas
1, Hall, Scarlett
1, Allen, Carter
1, Rivera, William
1, Harris, Luna
1, Anderson, James
1, Lee, Nora
1, Harris, Riley
1, Hall, Grace
1, Hill, Oliver
1, Moore, Joseph
1, Flores, Camila
1, Miller, Oliver
1, Roberts, Grace
1, Lopez, Harper
1, Miller, Joseph
1, Smith, Wyatt
2, Baker, Daniel
2, Wright, Sebastian
2, Hill, Layla
2, Lewis, William
2, Moore, Ethan
2, Johnson, William
2, Gonzalez, Aiden
2, Torres, Elijah
2, Garcia, Elijah
2, Harris, Lucas
2, Taylor, Oliver
2, Torres, Benjamin
2, Thomas, Charlotte
2, Lopez, Grace
2, Nelson, Henry
2, Sanchez, Chloe
2, Ramirez, Aria
2, Taylor, Mateo
2, King, Isabella
2, Torres, Ella
3, Davis, Mia
3, Walker, Nora
3, Hill, Sophia
3, Thomas, Aria
3, Perez, Liam
3, Roberts, Ellie
3, Hernandez, Mateo
3, Lewis, Luna
3, Carter, Jackson
3, Lee, Zoey
3, Ramirez, Owen
3, Williams, Lily
3, Lopez, Mila
3, Roberts, Jack
3, Rivera, Oliver
3, Clark, Jack
3, Robinson, Gianna
3, Hernandez, Joseph
3, Davis, Riley
3, Moore, Carter
3, Allen, Ava
3, Moore, Amelia
4, Perez, Samuel
4, Gonzalez, Zoey
4, Wilson, Scarlett
4, Ramirez, William
4, Torres, Mason
4, Hill, Ellie
4, Taylor, Charlotte
4, Wilson, Zoey
4, Ramirez, Nora
4, Martinez, Luna
4, Wilson, Zoey
4, Anderson, Riley
4, Lopez, Jack
4, Martin, William
4, Hall, Aria
4, Sanchez, Isabella
4, Scott, Mia
4, Walker, Carter
4, Ramirez, Jack
4, Perez, Amelia
4, Jackson, Benjamin
4, Harris, Gianna
4, Thomas, Layla
4, Nelson, Mila


SUBJECT,  [(CANCELLED) A career in educational administration]
 Ravenscroft S by  Presenter 25
PERIOD, STUDENT LAST, STUDENT FIRST
1, Young, Camila
1, Lopez, Chloe
1, Hill, Joseph
1, Hernandez, Grace
1, Jones, Carter
1, Roberts, Mason
1, Thompson, Grace
1, Green, Logan
1, Lee, Riley
1, Ramirez, Nora
1, Jackson, Levi
1, Wright, Ellie
1, Lopez, Mila
1, Flores, Carter
1, Scott, Mia
1, Torres, Ella
1, Flores, Lucas
1, Johnson, Joseph
1, Rivera, Harper
1, Miller, Alexander
1, Jackson, Benjamin
1, Rodriguez, Joseph
2, Jones, Mia
2, Scott, Scarlett
2, Williams, Ethan
2, Miller, Oliver
2, Hall, Lily
2, Lopez, Harper
2, Hernandez, Daniel
2, Johnson, Mason
2, Taylor, Daniel
2, Robinson, Owen
2, Lewis, Zoey
2, Brown, Emma
2, Lewis, Mila
2, Allen, Alexander
2, Gonzalez, Camila
2, Hill, Wyatt
2, Hernandez, Joseph
2, Moore, Emma
2, Adams, Owen
2, Rivera, Harper
2, Campbell, Samuel
3, Allen, Wyatt
3, Sanchez, Mia
3, King, Charlotte
3, Wright, Liam
3, Lee, Alexander
3, Torres, Joseph
3, Anderson, Joseph
3, Rivera, Mateo
3, Young, Layla
3, Harris, Lucas
3, Moore, Benjamin
3, Lee, Ava
3, Young, Ethan
3, Mitchell, Owen
3, Sanchez, Chloe
3, Roberts, Grace
3, Flores, Lucas
3, Perez, Lily
3, Rivera, Scarlett
3, Thomas, Layla
4, Baker, Daniel
4, Lopez, Luna
4, Wilson, Olivia
4, Thomas, Lucas
4, Martinez, Noah
4, Baker, Sophia
4, Hernandez, Mateo
4, Thompson, Ava
4, Flores, Ava
4, Harris, Riley
4, Garcia, James
4, Adams, Chloe
4, Perez, Aria
4, Williams, Gianna
4, Martinez, Liam
4, Anderson, Nora
4, Wright, Carter
4, Smith, Lucas


SUBJECT,  [Electrical Engineering]
 Whitmore C by  Presenter 26
PERIOD, STUDENT LAST, STUDENT FIRST
1, Wright, Sebastian
1, Thompson, Harper
1, Davis, Mia
1, Harris, Lucas
1, Perez, Ella
1, Torres, Sebastian
1, Williams, Aria
1, Allen, Aria
1, Jackson, Lily
1, Flores, Alexander
1, Torres, Riley
1, Williams, Olivia
1, Williams, Lily
1, Anderson, Riley
1, Taylor, Mateo
1, Perez, Aria
1, Flores, Lucas
1, Jackson, Emma
1, Hernandez, Joseph
1, Baker, Mia
2, Allen, Wyatt
2, Perez, Liam
2, Hernandez, Grace
2, Perez, Liam
2, Torres, James
2, Harris, Owen
2, Roberts, Mason
2, Torres, Joseph
2, Thompson, Ava
2, Young, Ethan
2, Ramirez, Nora
2, Scott, Chloe
2, Lopez, Jack
2, Johnson, Joseph
2, Garcia, Lily
2, Allen, Zoey
2, Hall, Mia
2, Carter, Ava
2, Jackson, Benjamin
2, Rivera, Scarlett
2, Thomas, Layla
3, Lopez, Luna
3, Davis, Logan
3, Lopez, Chloe
3, Walker, Riley
3, Roberts, Zoey
3, Taylor, Ava
3, Smith, Liam
3, Gonzalez, Logan
3, Martin, Carter
3, Allen, Henry
3, Robinson, Owen
3, Flores, Camila
3, Gonzalez, Camila
3, Hill, Wyatt
3, Williams, Emma
3, Smith, Owen
3, Harris, Logan
3, Roberts, Charlotte
4, Sanchez, Logan
4, Jones, Carter
4, Clark, Aiden
4, Smith, Benjamin
4, Thompson, Samuel
4, Young, Daniel
4, Campbell, Elijah
4, Smith, Aria
4, Lewis, Jack
4, Martinez, Jackson
4, Walker, Layla
4, Hall, Grace
4, Wright, Levi
4, Clark, Gianna
4, Roberts, Jack
4, Hall, Daniel
4, Hill, Wyatt
4, Martinez, Levi
4, Perez, Joseph


SUBJECT,  [Careers in Wildlife-Natural Resources and Citizen Protection]
 Underwood M by  Presenter 27
PERIOD, STUDENT LAST, STUDENT FIRST
1, Mitchell, Grace
1, Lewis, William
1, Williams, Ethan
1, Thomas, Aria
1, Wright, Layla
1, Jones, Samuel
1, Hernandez, Levi
1, Martin, Zoey
1, Green, Owen
1, Torres, Mason
1, Lewis, Luna
1, Campbell, Elijah
1, Anderson, Evelyn
1, Lewis, Noah
1, Taylor, Grace
1, Jones, Carter
1, Thomas, Charlotte
1, Campbell, Mila
1, Scott, Chloe
1, Walker, Emma
1, Moore, Carter
1, Allen, Logan
2, Perez, Samuel
2, Perez, Ethan
2, Anderson, Chloe
2, Jones, Carter
2, Gonzalez, Ethan
2, Brown, Elijah
2, Young, Layla
2, Martin, Carter
2, Torres, Emma
2, Williams, Luna
2, Harris, Riley
2, Torres, Jack
2, Mitchell, Owen
2, Jones, Henry
2, Clark, Gianna
2, Moore, Ethan
2, King, Mateo
2, Young, Jackson
2, Perez, Aria
2, Torres, Evelyn
2, Robinson, Gianna
2, Scott, Mia
3, Green, Sebastian
3, Carter, Sophia
3, Brown, Mateo
3, Adams, Alexander
3, Perez, Camila
3, Hill, Ellie
3, Garcia, Olivia
3, Martin, Mia
3, Miller, Ethan
3, Ramirez, Aria
3, Lopez, Jack
3, Flores, Carter
3, Johnson, Owen
3, Torres, Ella
3, Smith, Wyatt
3, Ramirez, Jack
3, Hernandez, Harper
3, Rivera, Harper
3, Hall, Mia
3, Campbell, Samuel
4, Sanchez, Charlotte
4, Baker, Layla
4, Taylor, Ava
4, White, Liam
4, Sanchez, Zoey
4, Allen, Carter
4, Martinez, Camila
4, Taylor, Gianna
4, Rivera, Zoey
4, Young, James
4, Lewis, Zoey
4, Scott, Aiden
4, Carter, Carter
4, White, Benjamin
4, Flores, Lily
4, Miller, Joseph
4, Hernandez, Joseph
4, Flores, Lucas
4, Anderson, Aiden
4, White, William


SUBJECT,  [What it is like to work with animals at the Brevard Zoo.]
 Ainsworth G by  Presenter 28
PERIOD, STUDENT LAST, STUDENT FIRST
1, King, Charlotte
1, Johnson, Emma
1, Rivera, Riley
1, Carter, Sophia
1, Perez, Liam
1, Hernandez, Mateo
1, Brown, Elijah
1, Moore, Benjamin
1, Thompson, Logan
1, Baker, Carter
1, Allen, Henry
1, Nelson, Scarlett
1, Young, Samuel
1, Young, Ethan
1, Lopez, Grace
1, Clark, Gianna
1, Wright, Logan
1, Roberts, Jack
1, Flores, Lily
1, Davis, Riley
2, Green, Sebastian
2, Baker, Layla
2, Walker, Nora
2, Perez, Wyatt
2, Adams, Layla
2, Adams, Harper
2, Hall, Scarlett
2, Nguyen, Oliver
2, Hill, Henry
2, Davis, William
2, Adams, Chloe
2, Perez, Gianna
2, Campbell, Henry
2, Campbell, Elijah
2, Thomas, Zoey
2, Allen, Ethan
2, Hill, Oliver
2, Green, Owen
2, Mitchell, Jackson
2, Carter, Carter
2, Adams, Logan
2, Harris, Gianna
2, White, William
3, Young, Camila
3, Sanchez, Charlotte
3, Lee, William
3, Martin, Jackson
3, Moore, Ethan
3, Clark, Jackson
3, Williams, Ethan
3, Nelson, Mateo
3, Miller, Oliver
3, Hall, Scarlett
3, Young, Daniel
3, Roberts, Mason
3, Martinez, Camila
3, Jones, Mia
3, Scott, Noah
3, Robinson, Lucas
3, White, Elijah
3, Young, Sophia
3, Wright, Scarlett
3, Moore, Mia
3, Campbell, Sophia
3, Robinson, Jack
3, Young, Jackson
3, Scott, Mia
3, Garcia, Lily
3, White, William
4, Moore, William
4, Roberts, Ellie
4, Anderson, Joseph
4, Green, Owen
4, Campbell, Olivia
4, Adams, Scarlett
4, Rodriguez, Oliver
4, Wright, Ellie
4, Roberts, Mila
4, Jackson, Ella
4, Roberts, Grace
4, Hall, Olivia
4, Smith, Wyatt
4, Moore, Emma
4, Johnson, Joseph
4, Rivera, Harper
4, Thompson, Emma
4, White, Sebastian
4, Rivera, Scarlett
4, Rodriguez, Joseph
4, White, Evelyn


SUBJECT,  [Crime Scene Investigation]
 Montgomery C by  Presenter 29
PERIOD, STUDENT LAST, STUDENT FIRST
1, Carter, Levi
1, Green, Sebastian
1, Roberts, Ava
1, Perez, Ethan
1, Hill, Henry
1, Nelson, Nora
1, Williams, Mia
1, Carter, Camila
1, Lee, Lily
1, Wright, Benjamin
1, Torres, Joseph
1, Garcia, Camila
1, Torres, Wyatt
1, Robinson, Owen
1, Scott, William
1, Davis, Scarlett
1, Lopez, Jack
1, Thomas, Sebastian
1, Hill, Wyatt
1, King, Isabella
1, Adams, Logan
1, Rivera, Scarlett
1, White, William
2, Young, Camila
2, Roberts, Ava
2, Robinson, Samuel
2, Thomas, Aria
2, Thompson, Lucas
2, Lewis, Luna
2, Thomas, Nora
2, Martin, Mia
2, Taylor, Charlotte
2, Brown, Ava
2, Lee, Ava
2, White, Elijah
2, Lee, Riley
2, Campbell, Sophia
2, Roberts, Jack
2, White, Benjamin
2, Flores, Lily
2, Smith, Henry
2, Smith, Wyatt
2, Baker, Mia
3, Williams, Mila
3, Thomas, Ava
3, Thompson, Harper
3, Harris, Lucas
3, Thompson, Isabella
3, Martin, Zoey
3, Thompson, Mila
3, Williams, Ethan
3, Hernandez, Aiden
3, Thompson, Logan
3, Lee, Nora
3, Thomas, Zoey
3, Thompson, Ava
3, Smith, Alexander
3, Adams, Scarlett
3, Lewis, Noah
3, Wilson, Zoey
3, Lewis, Luna
3, Robinson, Ellie
3, Perez, Aria
3, Martinez, Liam
3, Nelson, Samuel
3, Jackson, Benjamin
3, Mitchell, Jack
4, Allen, Wyatt
4, Lopez, Chloe
4, Torres, James
4, Torres, Joseph
4, Lopez, Amelia
4, Flores, William
4, Sanchez, Liam
4, Anderson, Owen
4, Hill, Oliver
4, Williams, Olivia
4, Jones, Henry
4, Flores, Camila
4, Scott, Chloe
4, Rivera, Amelia
4, Flores, Carter
4, Garcia, Lily
4, Adams, Owen
4, Allen, Ava
4, Miller, Alexander
4, Moore, Amelia
4, Roberts, Charlotte


SUBJECT,  [The Entertainment Business]
 Sinclair J by  Presenter 30
PERIOD, STUDENT LAST, STUDENT FIRST
1, Allen, Wyatt
1, Williams, Mila
1, Martin, Jackson
1, Davis, William
1, Rivera, Mila
1, Torres, James
1, Johnson, Joseph
1, Gonzalez, Aiden
1, Thompson, Lucas
1, Torres, James
1, Young, Layla
1, Hernandez, Aria
1, Hernandez, Aiden
1, Hill, Ellie
1, Flores, Aria
1, Brown, Ava
1, Wilson, Zoey
1, Campbell, Sophia
1, Jackson, Ella
1, Thomas, Amelia
1, Ramirez, Levi
1, Garcia, Lily
1, Thompson, Emma
1, Robinson, Sebastian
1, White, Evelyn
2, Thompson, Chloe
2, Thompson, Chloe
2, Allen, Aria
2, Gonzalez, Mia
2, Gonzalez, Logan
2, Torres, Joseph
2, Young, Ava
2, Young, Daniel
2, Carter, Mila
2, Scott, Lucas
2, Roberts, Jackson
2, Lee, Nora
2, Nguyen, Benjamin
2, Anderson, Owen
2, Torres, Wyatt
2, Garcia, James
2, Wright, Samuel
2, Ramirez, Owen
2, Young, Ella
2, Hall, Aria
2, Robinson, Sebastian
2, White, Evelyn
3, Martinez, Amelia
3, Nguyen, Oliver
3, Scott, Scarlett
3, Jackson, Harper
3, Lee, Lily
3, Gonzalez, Lily
3, Taylor, Gianna
3, Carter, Emma
3, Rodriguez, Oliver
3, Allen, Ethan
3, King, Ethan
3, Thomas, Sebastian
3, King, Isabella
3, Hall, Olivia
3, Flores, Lily
3, Flores, Lucas
3, Green, Mia
3, Moore, Isabella
3, Gonzalez, Wyatt
3, Taylor, Nora
4, Wright, Sebastian
4, Anderson, Elijah
4, Martinez, Liam
4, Jackson, Mateo
4, Wright, Liam
4, Johnson, Emma
4, Hall, Scarlett
4, Roberts, Zoey
4, Torres, Camila
4, Roberts, Ella
4, Harris, Owen
4, Martin, Charlotte
4, Harris, Jackson
4, Thomas, Nora
4, Thompson, Grace
4, Clark, Charlotte
4, Walker, Jackson
4, Martin, Jackson
4, Lee, Riley
4, Lewis, Luna
4, Baker, Alexander
4, Clark, Elijah


SUBJECT,  [Being a Pilot]
 Galloway J by  Presenter 31
PERIOD, STUDENT LAST, STUDENT FIRST
1, Martinez, Amelia
1, Baker, Daniel
1, Campbell, Alexander
1, Perez, Samuel
1, Johnson, Daniel
1, Miller, Isabella
1, Sanchez, Sophia
1, Hernandez, Daniel
1, Mitchell, Owen
1, Gonzalez, Camila
1, Sanchez, Isabella
1, Young, Jackson
1, Clark, Jack
1, Walker, Carter
1, Ramirez, Jack
1, Nelson, Samuel
1, Campbell, Samuel
1, Ramirez, Mason
1, Taylor, Nora
1, Anderson, Aiden
1, Thomas, Layla
1, Walker, Scarlett
1, Harris, Logan
1, Smith, Lucas
2, Sanchez, Mia
2, Torres, Camila
2, Smith, Benjamin
2, Torres, James
2, Allen, Carter
2, Jones, Aria
2, Moore, Henry
2, Thompson, Grace
2, Nelson, Scarlett
2, Jackson, Harper
2, Wilson, Zoey
2, Williams, Lily
2, Lopez, Mila
2, Jackson, Ella
2, Hall, Daniel
2, King, Ethan
2, Flores, Carter
2, Rivera, Oliver
2, Davis, Riley
2, Perez, Amelia
2, Lee, Jackson
3, Adams, Layla
3, Campbell, Mason
3, Young, Ava
3, Davis, Amelia
3, Sanchez, Liam
3, Green, Owen
3, Torres, Mason
3, Harris, Jackson
3, Rivera, William
3, Anderson, Evelyn
3, Hall, Oliver
3, Williams, Olivia
3, Lee, Riley
3, Miller, Carter
3, Thomas, Amelia
3, King, Mateo
3, Ramirez, Aria
3, Williams, Gianna
3, Smith, Henry
3, Baker, Mia
3, Harris, Lucas
3, Flores, William
3, White, Sebastian
3, Harris, Gianna
4, Young, Camila
4, Nguyen, Oliver
4, Allen, Aria
4, Williams, Mia
4, Roberts, Benjamin
4, Torres, James
4, Torres, Lily
4, Lee, Zoey
4, Young, Ethan
4, Jones, Carter
4, Martin, Scarlett
4, Campbell, Mila
4, Jackson, Levi
4, Mitchell, Jackson
4, Moore, Riley
4, Thomas, Sebastian
4, Young, Jackson
4, Torres, Ella
4, Ramirez, Levi
4, Moore, Carter
4, Allen, Zoey
4, Robinson, Sebastian
4, Flores, Elijah
4, White, William
4, Adams, Mia


SUBJECT,  [Careers in Cybersecurity]
 Ravenscroft S by  Presenter 32
PERIOD, STUDENT LAST, STUDENT FIRST
1, Lopez, Luna
1, Roberts, Ava
1, Martin, Oliver
1, Anderson, Elijah
1, Adams, Layla
1, Nguyen, Harper
1, Nguyen, Oliver
1, Harris, Gianna
1, Nelson, Mateo
1, Clark, Aiden
1, Hill, Amelia
1, Walker, Evelyn
1, Anderson, Joseph
1, Sanchez, Sebastian
1, Lee, Owen
1, Lewis, Jackson
1, White, Scarlett
1, Lopez, Zoey
1, Young, James
1, Smith, Alexander
2, Mitchell, Grace
2, Sanchez, Charlotte
2, Wilson, Jackson
2, Moore, William
2, King, Harper
2, Hill, Joseph
2, Scott, Gianna
2, Rivera, Ella
2, Hill, Sophia
2, Thomas, Lucas
2, Martin, Zoey
2, Clark, Lily
2, Allen, Mila
2, Nelson, William
2, Lewis, Sebastian
2, Scott, Wyatt
2, Nguyen, Mason
2, Perez, Mila
2, Hall, Grace
2, Young, Sophia
3, Lewis, William
3, Scott, Sebastian
3, Davis, William
3, Lopez, Emma
3, Torres, Sebastian
3, Johnson, Daniel
3, Lee, Sebastian
3, Gonzalez, Scarlett
3, Torres, James
3, Baker, Sophia
3, Thompson, Samuel
3, Scott, James
3, Allen, William
3, Davis, Aria
3, Harris, Owen
3, Lee, Ella
3, Brown, Noah
3, Smith, Samuel
3, Harris, Luna
3, Brown, Ava
3, Miller, Charlotte
4, Sanchez, Mia
4, Campbell, Alexander
4, Adams, Sophia
4, Moore, Ethan
4, Robinson, Elijah
4, Thomas, Aria
4, Thompson, Isabella
4, Baker, Sophia
4, Adams, Alexander
4, Perez, Camila
4, Flores, Lily
4, Jackson, Harper
4, Williams, Noah
4, Martin, Charlotte
4, Torres, Joseph
4, Young, Camila
4, Ramirez, Aria
4, Brown, Emma
4, Rivera, Oliver
4, Flores, James
4, Jones, Alexander
4, Nelson, Samuel


SUBJECT,  [Firefighter/Paramedic Career and or venue owner]
 Langley G by  Presenter 33
PERIOD, STUDENT LAST, STUDENT FIRST
1, Perez, Henry
1, Gonzalez, Lily
1, Ramirez, Scarlett
1, Torres, Lily
1, Hall, Samuel
1, Brown, Sophia
1, Martin, Camila
1, Gonzalez, Mia
1, Gonzalez, Logan
1, White, Ellie
1, Thompson, Samuel
1, Lee, Ella
1, Perez, Camila
1, Smith, Aria
1, Baker, Alexander
1, Smith, Henry
1, Robinson, Oliver
1, Thomas, Zoey
1, Martin, Henry
1, Lee, Zoey
2, Martin, Oliver
2, Davis, Mia
2, Lee, Scarlett
2, Martinez, Liam
2, Davis, Logan
2, Taylor, Ava
2, Nelson, Nora
2, Rodriguez, Evelyn
2, Gonzalez, Scarlett
2, Martinez, Noah
2, Lopez, Amelia
2, Taylor, Mia
2, Lewis, Samuel
2, Scott, Camila
2, Davis, Aria
2, Martinez, Camila
2, Flores, Joseph
2, Lewis, Jack
2, Jones, James
2, Allen, Henry
2, Ramirez, Jack
2, Taylor, Nora
3, Campbell, Alexander
3, Roberts, Ava
3, Carter, Noah
3, Rivera, Chloe
3, Johnson, Samuel
3, Wright, Ella
3, Rivera, Ella
3, Robinson, Riley
3, Martin, Charlotte
3, Moore, Lucas
3, Williams, Noah
3, Flores, Aria
3, Rivera, Zoey
3, Scott, Ella
3, Young, James
3, Robinson, Daniel
3, Hill, Lucas
3, Walker, Layla
3, Taylor, Grace
3, Williams, Mila
4, Hill, Camila
4, Perez, Wyatt
4, Adams, Layla
4, Walker, Riley
4, Harris, Charlotte
4, Garcia, Logan
4, Jackson, Harper
4, Roberts, Nora
4, Hall, Scarlett
4, Lee, Sophia
4, Walker, Evelyn
4, Brown, Elijah
4, Flores, Alexander
4, Campbell, Camila
4, Nelson, Jackson
4, Scott, Wyatt
4, Moore, Samuel
4, Garcia, Camila
4, Johnson, Mason
4, Thomas, Oliver
4, Harris, Logan


SUBJECT,  [Practicing Now to Be an Author Later]
 Rutherford E by  Presenter 34
PERIOD, STUDENT LAST, STUDENT FIRST
1, Sanchez, Logan
1, Rivera, Chloe
1, Anderson, Chloe
1, Gonzalez, Scarlett
1, Martinez, Ava
1, Davis, Amelia
1, Young, Daniel
1, Lopez, Scarlett
1, Smith, Samuel
1, Scott, Ella
1, Moore, Samuel
1, Rodriguez, Oliver
1, Taylor, Daniel
1, White, Elijah
1, Brown, Jack
1, Moore, Ethan
1, Roberts, Mila
1, Sanchez, Chloe
1, King, Mateo
1, Torres, Mila
2, Clark, Oliver
2, Martin, Jackson
2, Carter, Noah
2, Lee, Alexander
2, Brown, Sophia
2, Torres, Sebastian
2, Smith, Liam
2, Williams, Jack
2, Roberts, Sophia
2, Flores, Sebastian
2, Roberts, Ellie
2, Harris, Mateo
2, Flores, William
2, Thompson, Mila
2, Williams, Ethan
2, Taylor, Emma
2, Moore, Lucas
2, Flores, Lily
2, Williams, Noah
2, Garcia, Olivia
2, Martin, William
2, Lopez, Harper
2, Moore, Isabella
2, Miller, Alexander
2, Harris, Logan
3, Hill, Camila
3, Gonzalez, Lily
3, Harris, James
3, Johnson, William
3, Harris, Gianna
3, Wright, Layla
3, Rodriguez, Evelyn
3, Lopez, Harper
3, Garcia, Elijah
3, Clark, Lily
3, Jackson, Lily
3, Campbell, Camila
3, Robinson, Oliver
3, Nguyen, Benjamin
3, Taylor, Charlotte
3, Martin, Henry
3, Harris, Riley
3, Garcia, Camila
3, Johnson, Mason
3, Thompson, Ava
3, Torres, Mila
3, Lopez, Harper
3, Ramirez, Levi
3, Adams, Logan
3, Robinson, Sebastian
4, Green, Sebastian
4, Hill, Layla
4, Martin, Oliver
4, Perez, Ethan
4, Harris, Lucas
4, Davis, Logan
4, Clark, Ellie
4, King, Harper
4, Campbell, Mason
4, Nelson, Mateo
4, Lee, Sebastian
4, Carter, Jack
4, Martin, Zoey
4, Sanchez, Sebastian
4, Torres, Emma
4, Jones, James
4, Lewis, Sebastian
4, Hill, Lucas
4, Young, Gianna
4, Lewis, Noah
4, Robinson, Jack
4, Ramirez, Aria
4, Williams, Emma
4, Harris, Lucas


SUBJECT,  [Being a Chiropractor]
 Vance J by  Presenter 35
PERIOD, STUDENT LAST, STUDENT FIRST
1, Adams, Sophia
1, Walker, Riley
1, Harris, Charlotte
1, Jackson, Harper
1, Anderson, Joseph
1, Davis, Riley
1, Moore, Owen
1, Taylor, Emma
1, Carter, Elijah
1, Martinez, Camila
1, Taylor, Logan
1, Williams, Noah
1, Lewis, Jack
1, Jones, James
1, Lewis, Sebastian
1, Nguyen, Mason
1, Taylor, Charlotte
1, Lee, Ava
1, Perez, Mila
1, Lopez, Owen
2, Nguyen, Harper
2, Scott, Sebastian
2, Clark, Ellie
2, Wright, Ella
2, Lee, Sebastian
2, Lee, Sophia
2, Baker, Sophia
2, Miller, Isabella
2, Hernandez, Mateo
2, Adams, Alexander
2, Nelson, Jackson
2, Jackson, Harper
2, Miller, Ethan
2, Hill, Lucas
2, Williams, Olivia
2, Brown, Jack
2, Robinson, Evelyn
2, Lewis, Luna
2, Walker, Gianna
2, Rivera, Harper
2, Baker, Alexander
2, Thompson, Emma
2, Thomas, Isabella
3, Clark, Oliver
3, Jackson, Jack
3, Martin, Oliver
3, Lee, Wyatt
3, Torres, Camila
3, Garcia, Logan
3, Hernandez, Grace
3, Torres, James
3, Thomas, Harper
3, Martinez, Noah
3, Lopez, Amelia
3, Hernandez, William
3, Nelson, William
3, Flores, Ava
3, Brown, Emma
3, Rivera, Oliver
3, Jones, Henry
3, Taylor, Aiden
3, Harris, Wyatt
3, Scott, Chloe
3, Perez, Amelia
4, Lee, Scarlett
4, Carter, Gianna
4, Rivera, Chloe
4, Lopez, Emma
4, Rivera, Ella
4, Rivera, Mila
4, Gonzalez, Mia
4, Smith, Emma
4, Carter, Camila
4, Robinson, Riley
4, Scott, James
4, Anderson, Joseph
4, Carter, Mila
4, Jones, Aria
4, Anderson, James
4, Lee, Nora
4, Wright, Benjamin
4, Scott, Ella
4, Nguyen, Benjamin
4, Torres, Wyatt
4, Rivera, Harper
4, Thomas, Isabella


SUBJECT,  [A career in medicine]
 Kingsley D by  Presenter 36
PERIOD, STUDENT LAST, STUDENT FIRST
1, Wilson, Jackson
1, Hill, Camila
1, Lee, Wyatt
1, Moore, Ethan
1, Lopez, Emma
1, Clark, Jackson
1, Garcia, Logan
1, Williams, Jack
1, Rivera, Ella
1, Hill, Sophia
1, Lopez, Harper
1, Lopez, Amelia
1, Flores, Sebastian
1, Carter, Jack
1, Garcia, Elijah
1, Scott, Camila
1, Adams, Chloe
1, Brown, Emma
1, Moore, Mia
1, Lee, Harper
2, Thomas, Ava
2, Campbell, Alexander
2, Hill, Aria
2, Adams, Sophia
2, Lopez, Chloe
2, Robinson, Elijah
2, Carter, Sophia
2, Roberts, Nora
2, Thompson, Isabella
2, Scott, James
2, Harris, Jackson
2, Flores, Alexander
2, Lopez, Scarlett
2, Smith, Henry
2, Jones, Mia
2, Lopez, Zoey
2, Carter, Emma
2, Moore, Samuel
2, Garcia, Camila
2, Young, Camila
2, Jackson, Emma
3, Rodriguez, Olivia
3, Perez, Samuel
3, Perez, Henry
3, Roberts, Ava
3, Moore, William
3, Harris, Charlotte
3, Gonzalez, Mia
3, Lee, Sophia
3, Martinez, Ava
3, Rodriguez, Liam
3, Walker, Evelyn
3, Brown, Elijah
3, Campbell, Elijah
3, Anderson, Joseph
3, Baker, Alexander
3, Flores, Joseph
3, Thomas, Nora
3, Jackson, Harper
3, Lewis, Jack
3, Jones, James
4, Clark, Oliver
4, Martin, Jackson
4, Walker, Nora
4, Perez, Liam
4, Scott, Sebastian
4, Hall, Samuel
4, Flores, Gianna
4, Rodriguez, Evelyn
4, Brown, Mateo
4, Davis, Riley
4, Hernandez, William
4, Sanchez, Sophia
4, Moore, Lucas
4, Lee, Owen
4, Robinson, Daniel
4, Martin, Henry
4, Brown, Ava
4, Miller, Ethan
4, Wright, Samuel
4, Scott, William
4, Roberts, William


SUBJECT,  [Not Just a nurse]
 Davenport W by  Presenter 37
PERIOD, STUDENT LAST, STUDENT FIRST
1, Martinez, Liam
1, Jackson, Mateo
1, Jones, Mia
1, King, Harper
1, Robinson, Riley
1, Torres, Joseph
1, Wilson, Scarlett
1, Harris, William
1, Flores, William
1, Davis, Aria
1, Moore, Lucas
1, Harris, Jackson
1, Jones, Aria
1, Martinez, Jackson
1, Adams, Scarlett
1, Ramirez, Jack
1, Taylor, Aiden
1, Roberts, William
1, Jackson, Henry
1, Robinson, Jack
2, White, Ethan
2, Garcia, Logan
2, Williams, Aria
2, Harris, Gianna
2, Williams, Mia
2, Rivera, Mila
2, Lee, Lily
2, Ramirez, William
2, Torres, Mason
2, Scott, Alexander
2, Perez, Nora
2, Harris, Luna
2, Taylor, Grace
2, Walker, Jackson
2, Scott, Noah
2, Rivera, Oliver
2, Jones, Alexander
2, Baker, Ella
2, Martinez, Alexander
2, Moore, Mia
2, Hill, Ava
2, Moore, Carter
2, Moore, Amelia
2, Miller, Carter
3, Baker, Layla
3, Perez, Wyatt
3, Nguyen, Harper
3, Anderson, Chloe
3, Nguyen, Logan
3, Gonzalez, Aiden
3, Taylor, Emma
3, Martin, Isabella
3, Campbell, Olivia
3, Young, Camila
3, Taylor, Daniel
3, Perez, Mila
3, Flores, James
3, Lopez, Owen
3, Allen, Alexander
3, Rivera, Harper
3, Lee, Harper
3, Perez, Oliver
3, Walker, Emma
3, Hall, Daniel
3, Thomas, Isabella
4, Jackson, Jack
4, Gonzalez, Lily
4, Lee, Wyatt
4, Adams, Harper
4, Davis, William
4, Nguyen, Levi
4, Scott, Gianna
4, Wright, Ella
4, Lopez, Harper
4, Gonzalez, Scarlett
4, Williams, Ethan
4, Hill, Amelia
4, Martinez, Ava
4, Clark, Nora
4, Young, Layla
4, Harris, Lucas
4, Martin, Carter
4, Allen, Mila
4, Smith, Samuel
4, Robinson, Oliver
4, Baker, Mia
4, Miller, Charlotte
4, Miller, Carter


SUBJECT,  [Sparking Innovation & Making an Impact]
 Marlowe S by  Presenter 38
PERIOD, STUDENT LAST, STUDENT FIRST
1, Sanchez, Mia
1, Walker, Nora
1, Carter, Noah
1, Torres, Camila
1, Harris, Sophia
1, Gonzalez, Zoey
1, Hall, Lily
1, Lee, Sophia
1, Clark, Lily
1, Flores, Lily
1, Allen, Mila
1, Thomas, Nora
1, Garcia, Olivia
1, Hernandez, Ella
1, Martin, Charlotte
1, Anderson, Owen
1, Johnson, Mason
1, Garcia, James
1, Hall, Oliver
1, Scott, Aiden
1, Martin, William
1, Hill, Ava
1, Anderson, Nora
1, Harris, Lucas
1, Moore, Amelia
2, Perez, Henry
2, Wright, Aria
2, Harris, James
2, Rivera, Chloe
2, Nguyen, Logan
2, Smith, Emma
2, Hernandez, Levi
2, Moore, Owen
2, Sanchez, Oliver
2, Green, Owen
2, Walker, Evelyn
2, Baker, Alexander
2, Rivera, William
2, Martin, Isabella
2, Lee, Zoey
2, Thomas, Oliver
2, Jones, Carter
2, Ramirez, Jack
2, Flores, James
2, Taylor, Aiden
3, Wilson, Jackson
3, Clark, Ellie
3, Williams, Jack
3, Harris, William
3, Flores, William
3, Campbell, Henry
3, Baker, Scarlett
3, Lopez, Scarlett
3, Lewis, Sebastian
3, Young, Samuel
3, Young, Gianna
3, Green, Owen
3, Lopez, Grace
3, Baker, Ella
3, Ramirez, Nora
3, Martinez, Alexander
3, Moore, Joseph
3, Walker, Gianna
3, Roberts, William
3, Anderson, Riley
3, Martin, William
3, Moore, Emma
3, Miller, Alexander
3, Miller, Carter
4, White, Ethan
4, King, Charlotte
4, Roberts, Ava
4, Hill, Henry
4, Johnson, Samuel
4, Young, Luna
4, Johnson, Daniel
4, White, Ellie
4, Roberts, Mason
4, Lewis, Luna
4, Carter, Scarlett
4, Taylor, Logan
4, Thompson, Logan
4, White, Scarlett
4, King, Chloe
4, Robinson, Owen
4, Moore, Ethan
4, Harris, Wyatt
4, Moore, Mia
4, Campbell, Sophia
4, Lopez, Mila
4, King, Mateo
4, Lopez, Harper
4, Allen, Logan


SUBJECT,  [Becoming a Melbourne Police Officer]
 Abernathy S by  Presenter 39
PERIOD, STUDENT LAST, STUDENT FIRST
1, Rodriguez, Olivia
1, Clark, Oliver
1, Johnson, Samuel
1, Scott, Gianna
1, Baker, Sophia
1, Roberts, Ella
1, Taylor, Mia
1, Scott, James
1, Miller, Amelia
1, Nelson, Jackson
1, Jackson, Harper
1, Young, Camila
1, Hill, Lucas
1, King, Chloe
1, Lewis, Zoey
1, Rivera, Oliver
1, Flores, James
1, Baker, Ella
1, Rivera, Harper
1, Harris, Wyatt
2, Ramirez, Scarlett
2, Sanchez, Logan
2, Hall, Samuel
2, Harris, Charlotte
2, Johnson, Daniel
2, Robinson, Riley
2, Harris, William
2, Walker, Aiden
2, Moore, Benjamin
2, Anderson, Evelyn
2, Martin, Scarlett
2, Lopez, Owen
2, Flores, Camila
2, Roberts, William
2, Jackson, Henry
2, Lee, Harper
2, Thomas, Amelia
2, Robinson, Jack
2, Walker, Emma
2, Torres, Mila
2, Martinez, Liam
2, Nelson, Samuel
3, Mitchell, Grace
3, Lee, Scarlett
3, Adams, Sophia
3, Hall, Lily
3, Carter, Camila
3, Flores, Sebastian
3, Davis, Riley
3, Moore, Owen
3, Perez, Nora
3, Smith, Henry
3, Harris, Levi
3, Wright, Benjamin
3, Moore, Samuel
3, Lee, Amelia
3, Thomas, Charlotte
3, Johnson, Elijah
3, Jones, Alexander
3, Brown, Jack
3, Wright, Ellie
3, Roberts, Mila
3, Sanchez, Isabella
3, Jackson, Emma
3, Walker, Carter
3, Thompson, Emma
3, Allen, Logan
4, Nguyen, Harper
4, Torres, Sebastian
4, Rivera, Riley
4, Harris, Gianna
4, Williams, Jack
4, Thompson, Lucas
4, Miller, Isabella
4, Garcia, Elijah
4, Davis, Aria
4, Taylor, Oliver
4, Baker, Alexander
4, Jones, Mia
4, Williams, Mila
4, Perez, Mila
4, Mitchell, Owen
4, Ramirez, Jack
4, Taylor, Aiden
4, Anderson, Levi
4, Martinez, Alexander
4, Walker, Gianna
4, Jackson, Henry
4, Adams, Logan
4, Mitchell, Jack


SUBJECT,  [Architecture â€“ design of buildings and places and the teams that make it happen]
 Montgomery O by  Presenter 40
PERIOD, STUDENT LAST, STUDENT FIRST
1, Davis, Mia
1, Wright, Liam
1, Davis, Logan
1, Robinson, Amelia
1, Lee, Alexander
1, Lee, Sebastian
1, Smith, Emma
1, Martinez, Noah
1, Thompson, Isabella
1, Walker, Aiden
1, Scott, Alexander
1, Martin, Carter
1, Thomas, Oliver
1, Martin, Scarlett
1, Johnson, Elijah
1, Jones, Alexander
1, Young, Sophia
1, Smith, Jackson
1, Lewis, Luna
1, Walker, Gianna
2, Jackson, Jack
2, Gonzalez, Lily
2, Walker, Riley
2, Young, Luna
2, Nelson, Mia
2, White, Liam
2, Thompson, Samuel
2, Sanchez, Sophia
2, Allen, William
2, Campbell, Camila
2, Scott, Ella
2, Robinson, Daniel
2, King, Chloe
2, Young, Gianna
2, Williams, Mila
2, Green, Logan
2, Scott, Aiden
2, Harris, Wyatt
2, Wright, Ellie
2, Miller, Carter
3, Baker, Daniel
3, Anderson, Elijah
3, Hall, Samuel
3, King, Harper
3, Scott, Gianna
3, Flores, Gianna
3, Williams, Mia
3, Thomas, Lucas
3, Rivera, Mila
3, King, Aiden
3, Taylor, Mia
3, Harris, Mateo
3, Allen, Carter
3, Carter, Mila
3, Flores, Alexander
3, Sanchez, Sebastian
3, Taylor, Logan
3, Nelson, Jackson
3, White, Scarlett
3, Lopez, Zoey
3, Jackson, Henry
3, Anderson, Nora
4, Mitchell, Grace
4, Mitchell, Olivia
4, Harris, James
4, Carter, Noah
4, Brown, Sophia
4, Nelson, Nora
4, Hernandez, Grace
4, Green, Layla
4, Gonzalez, Logan
4, Johnson, Joseph
4, Gonzalez, Aiden
4, Harris, William
4, Flores, Sebastian
4, Lee, Lily
4, Taylor, Emma
4, Carter, Jackson
4, Nelson, William
4, Allen, Henry
4, Torres, Benjamin
4, Lee, Ava
4, Torres, Mila
4, Perez, Grace


SUBJECT,  [Cybersecurity and hacking]
 Whitmore H by  Presenter 41
PERIOD, STUDENT LAST, STUDENT FIRST
1, Jackson, Jack
1, Lee, Scarlett
1, Wright, Aria
1, Taylor, Ava
1, Scott, Sebastian
1, Wright, Ella
1, Adams, Chloe
1, Rodriguez, Evelyn
1, Sanchez, Zoey
1, Harris, Mateo
1, Thompson, Mila
1, Baker, Scarlett
1, Brown, Olivia
1, Jones, Mia
1, Robinson, Daniel
1, Torres, Benjamin
1, Miller, Ethan
1, Young, Gianna
1, Walker, Jackson
1, Jones, Henry
1, Martinez, Liam
1, Moore, Isabella
1, Miller, Charlotte
2, Rodriguez, Olivia
2, Lee, William
2, Hill, Camila
2, Lee, Wyatt
2, Nguyen, Levi
2, Rivera, Riley
2, Gonzalez, Zoey
2, Carter, Camila
2, Davis, Riley
2, Sanchez, Liam
2, Anderson, Joseph
2, Carter, Jackson
2, Sanchez, Sebastian
2, Smith, Samuel
2, Taylor, Logan
2, Robinson, Oliver
2, White, Scarlett
2, Young, James
2, Flores, Ava
2, Martin, Henry
3, Martinez, Liam
3, Sanchez, Logan
3, Brown, Sophia
3, Green, Layla
3, Ramirez, Joseph
3, Smith, Emma
3, White, Ellie
3, Gonzalez, Ethan
3, Allen, Mila
3, Clark, Charlotte
3, Torres, Joseph
3, Jackson, Harper
3, King, Chloe
3, Thomas, Oliver
3, Scott, William
3, Hall, Grace
3, Ramirez, Jack
3, Hill, Oliver
3, Martin, Scarlett
3, Jackson, Ava
4, Perez, Henry
4, Davis, Mia
4, Thompson, Harper
4, Wilson, Jackson
4, Perez, Liam
4, Taylor, Mia
4, Moore, Owen
4, Campbell, Henry
4, Clark, Lily
4, Lee, Ella
4, Miller, Amelia
4, Thomas, Zoey
4, Lopez, Zoey
4, Thompson, Ava
4, Taylor, Grace
4, Williams, Jack
4, Lopez, Owen
4, White, Elijah
4, Davis, Scarlett
4, Allen, Alexander


