NUM_STUDENTS, 600
FIRST_NAME, LAST_NAME, HR_TEACH, FIRST_PERIOD, STUDENT_ID, GRADE, SEL1_ID, SEL1_TEACH, SEL2_ID, SEL2_TEACH, SEL3_ID, SEL3_TEACH, SEL4_ID, SEL4_TEACH
Sebastian, Torres, Fitzwilliam J, Vance J, 141641, 11, 16, Ormsby M, 8, Yardley A, 10, Greystone O, 3, Kingsley O
Aiden, Scott, Haverford G, Haverford G, 102138, 8, 4, Eversley A, 2, Greystone M, 26, Whitmore C, 9, Quincy B
Owen, Lopez, Radcliffe L, Sinclair J, 117014, 8, 7, Ashford S, 3, Kingsley O, 6, Fitzwilliam J, 5, Tennyson C
Olivia, Rodriguez, Vance J, Marlowe S, 108349, 12, 3, Kingsley O, 1, Marlowe B, 6, Fitzwilliam J, 29, Montgomery C
Ava, Jackson, Fitzwilliam J, Eversley A, 109018, 8, 34, Rutherford E, 1, Marlowe B, 31, Galloway J, 36, Kingsley D
Mila, Lewis, Kingsley H, Tennyson C, 176777, 8, 24, Blackwood I, 17, Ingram O, 27, Underwood M, 35, Vance J
Riley, Davis, Fitzwilliam E, Ashford S, 148487, 10, 7, Ashford S, 1, Marlowe B, 3, Kingsley O, 6, Fitzwilliam J
Wyatt, Allen, Eversley A, Langley G, 143195, 12, 12, Fitzwilliam E, 16, Ormsby M, 17, Ingram O, 13, Radcliffe L
Mila, Williams, Fairfax R, Abernathy S, 130247, 12, 12, Fitzwilliam E, 27, Underwood M, 13, Radcliffe L, 29, Montgomery C
Aria, Flores, Underwood M, Haverford G, 111415, 9, 12, Fitzwilliam E, 20, Fairfax R, 9, Quincy B, 41, Whitmore H
Benjamin, White, Ravenscroft S, Eversley A, 136628, 7, 34, Rutherford E, 7, Ashford S, 13, Radcliffe L, 9, Quincy B
Logan, Garcia, Ravenscroft S, Galloway J, 181752, 11, 6, Fitzwilliam J, 5, Tennyson C, 7, Ashford S, 9, Quincy B
Jackson, Roberts, Haverford G, Rutherford E, 146492, 9, 35, Vance J, 12, Fitzwilliam E, 37, Davenport W, 28, Ainsworth G
Owen, Green, Beaumont S, Vance J, 135696, 8, 20, Fairfax R, 8, Yardley A, 14, Beaumont S, 4, Eversley A
James, Jones, Ravenscroft S, Greystone O, 166396, 9, 7, Ashford S, 9, Quincy B, 6, Fitzwilliam J, 8, Yardley A
Scarlett, Lee, Blackwood I, Marlowe B, 160162, 9, 22, Ellsworth G, 30, Sinclair J, 41, Whitmore H, 33, Langley G
Levi, Carter, Ormsby M, Marlowe B, 114335, 12, 13, Radcliffe L, 28, Ainsworth G, 19, Montgomery C, 25, Ravenscroft S
Mia, Sanchez, Whitmore H, Beaumont S, 145334, 12, 4, Eversley A, 11, Wainwright J, 17, Ingram O, 10, Greystone O
Chloe, Thompson, Greystone O, Ashford S, 160706, 12, 40, Montgomery O, 12, Fitzwilliam E, 27, Underwood M, 22, Ellsworth G
Aria, Williams, Yardley A, Ormsby M, 179570, 11, 16, Ormsby M, 5, Tennyson C, 20, Fairfax R, 37, Davenport W
Elijah, White, Radcliffe L, Ravenscroft A, 100089, 8, 8, Yardley A, 1, Marlowe B, 13, Radcliffe L, 9, Quincy B
Carter, Baker, Underwood M, Abernathy S, 176788, 9, 14, Beaumont S, 38, Marlowe S, 22, Ellsworth G, 5, Tennyson C
Zoey, Wilson, Marlowe S, Greystone O, 162197, 8, 12, Fitzwilliam E, 11, Wainwright J, 13, Radcliffe L, 18, Kingsley H
Chloe, Thompson, Kingsley H, Marlowe B, 158853, 11, 35, Vance J, 12, Fitzwilliam E, 26, Whitmore C, 39, Abernathy S
Harper, King, Kingsley H, Kingsley D, 130790, 11, 5, Tennyson C, 10, Greystone O, 2, Greystone M, 8, Yardley A
Owen, Moore, Tennyson C, Radcliffe L, 191313, 10, 7, Ashford S, 4, Eversley A, 3, Kingsley O, 1, Marlowe B
Grace, Mitchell, Tennyson C, Marlowe B, 113033, 12, 15, Haverford G, 10, Greystone O, 3, Kingsley O, 2, Greystone M
Oliver, Sanchez, Langley G, Wainwright J, 177941, 10, 40, Montgomery O, 4, Eversley A, 35, Vance J, 32, Ravenscroft S
Lucas, Flores, Vance J, Marlowe S, 133573, 7, 4, Eversley A, 16, Ormsby M, 41, Whitmore H, 17, Ingram O
Nora, Nelson, Kingsley O, Blackwood I, 106271, 11, 13, Radcliffe L, 9, Quincy B, 19, Montgomery C, 2, Greystone M
Sebastian, Green, Sinclair J, Montgomery O, 128469, 12, 13, Radcliffe L, 14, Beaumont S, 15, Haverford G, 8, Yardley A
Joseph, Hill, Abernathy S, Blackwood I, 127718, 11, 17, Ingram O, 10, Greystone O, 33, Langley G, 27, Underwood M
Ava, Thomas, Wainwright J, Ainsworth G, 156049, 12, 28, Ainsworth G, 6, Fitzwilliam J, 13, Radcliffe L, 19, Montgomery C
Scarlett, Davis, Ravenscroft S, Fitzwilliam J, 172241, 8, 13, Radcliffe L, 29, Montgomery C, 27, Underwood M, 1, Marlowe B
Isabella, Martin, Kingsley O, Montgomery O, 175514, 9, 33, Langley G, 4, Eversley A, 5, Tennyson C, 25, Ravenscroft S
Jackson, Martin, Montgomery O, Kingsley O, 184794, 8, 39, Abernathy S, 31, Galloway J, 24, Blackwood I, 7, Ashford S
Mateo, Rivera, Whitmore H, Ravenscroft S, 122015, 10, 40, Montgomery O, 34, Rutherford E, 17, Ingram O, 23, Ravenscroft A
William, Flores, Ravenscroft S, Ashford S, 125195, 10, 5, Tennyson C, 8, Yardley A, 4, Eversley A, 13, Radcliffe L
Amelia, Martinez, Fitzwilliam J, Whitmore C, 192521, 12, 11, Wainwright J, 36, Kingsley D, 12, Fitzwilliam E, 21, Fairfax O
Liam, Smith, Blackwood I, Yardley A, 177536, 11, 34, Rutherford E, 8, Yardley A, 16, Ormsby M, 25, Ravenscroft S
Oliver, Clark, Montgomery C, Beaumont S, 186654, 12, 3, Kingsley O, 8, Yardley A, 7, Ashford S, 6, Fitzwilliam J
Mason, King, Kingsley O, Beaumont S, 193127, 7, 19, Montgomery C, 39, Abernathy S, 5, Tennyson C, 31, Galloway J
Olivia, Campbell, Haverford G, Quincy B, 181935, 9, 32, Ravenscroft S, 20, Fairfax R, 5, Tennyson C, 14, Beaumont S
Olivia, Mitchell, Fitzwilliam J, Fitzwilliam J, 134160, 12, 25, Ravenscroft S, 33, Langley G, 31, Galloway J, 2, Greystone M
Nora, Lee, Ravenscroft A, Ellsworth G, 189727, 9, 18, Kingsley H, 12, Fitzwilliam E, 13, Radcliffe L, 7, Ashford S
Olivia, Williams, Galloway J, Abernathy S, 112087, 8, 9, Quincy B, 16, Ormsby M, 7, Ashford S, 11, Wainwright J
Levi, Nguyen, Ingram O, Wainwright J, 187503, 11, 19, Montgomery C, 1, Marlowe B, 39, Abernathy S, 5, Tennyson C
Daniel, Baker, Davenport W, Haverford G, 147419, 12, 11, Wainwright J, 18, Kingsley H, 2, Greystone M, 17, Ingram O
James, Scott, Quincy B, Underwood M, 171504, 10, 3, Kingsley O, 6, Fitzwilliam J, 10, Greystone O, 7, Ashford S
Alexander, Campbell, Galloway J, Marlowe S, 132232, 12, 11, Wainwright J, 6, Fitzwilliam J, 9, Quincy B, 10, Greystone O
Alexander, Allen, Vance J, Ormsby M, 110092, 8, 19, Montgomery C, 6, Fitzwilliam J, 17, Ingram O, 1, Marlowe B
Isabella, King, Ravenscroft S, Wainwright J, 101285, 7, 13, Radcliffe L, 12, Fitzwilliam E, 3, Kingsley O, 18, Kingsley H
Carter, Flores, Langley G, Langley G, 178670, 7, 17, Ingram O, 8, Yardley A, 11, Wainwright J, 1, Marlowe B
Ethan, Williams, Vance J, Kingsley H, 144618, 11, 15, Haverford G, 17, Ingram O, 14, Beaumont S, 27, Underwood M
Samuel, Perez, Radcliffe L, Fairfax O, 125254, 12, 11, Wainwright J, 15, Haverford G, 6, Fitzwilliam J, 18, Kingsley H
Lily, Lee, Haverford G, Whitmore C, 130645, 10, 13, Radcliffe L, 5, Tennyson C, 12, Fitzwilliam E, 2, Greystone M
Gianna, Scott, Greystone M, Ashford S, 107612, 11, 3, Kingsley O, 10, Greystone O, 2, Greystone M, 5, Tennyson C
Aria, Rodriguez, Abernathy S, Vance J, 171230, 9, 33, Langley G, 22, Ellsworth G, 26, Whitmore C, 27, Underwood M
Camila, Young, Fairfax R, Fitzwilliam E, 142142, 12, 17, Ingram O, 13, Radcliffe L, 14, Beaumont S, 11, Wainwright J
Riley, Rivera, Yardley A, Ravenscroft A, 195406, 11, 14, Beaumont S, 1, Marlowe B, 20, Fairfax R, 3, Kingsley O
Charlotte, Sanchez, Sinclair J, Abernathy S, 137532, 12, 18, Kingsley H, 10, Greystone O, 14, Beaumont S, 15, Haverford G
William, Hernandez, Ashford S, Beaumont S, 154730, 10, 19, Montgomery C, 38, Marlowe S, 7, Ashford S, 6, Fitzwilliam J
Sophia, Sanchez, Davenport W, Ellsworth G, 143473, 10, 11, Wainwright J, 2, Greystone M, 41, Whitmore H, 6, Fitzwilliam J
Mila, Thompson, Ravenscroft A, Ashford S, 135767, 10, 1, Marlowe B, 8, Yardley A, 13, Radcliffe L, 28, Ainsworth G
Elijah, Johnson, Fairfax O, Radcliffe L, 134604, 8, 2, Greystone M, 20, Fairfax R, 10, Greystone O, 6, Fitzwilliam J
Aria, Hill, Sinclair J, Davenport W, 166737, 12, 23, Ravenscroft A, 6, Fitzwilliam J, 24, Blackwood I, 40, Montgomery O
Sebastian, Lewis, Langley G, Wainwright J, 129286, 9, 7, Ashford S, 10, Greystone O, 4, Eversley A, 8, Yardley A
Olivia, Hall, Whitmore C, Radcliffe L, 176751, 7, 37, Davenport W, 12, Fitzwilliam E, 7, Ashford S, 14, Beaumont S
Henry, Jones, Kingsley H, Yardley A, 146578, 8, 1, Marlowe B, 15, Haverford G, 7, Ashford S, 13, Radcliffe L
Elijah, Garcia, Kingsley D, Sinclair J, 130642, 10, 6, Fitzwilliam J, 18, Kingsley H, 8, Yardley A, 3, Kingsley O
Gianna, Harris, Ravenscroft A, Fitzwilliam J, 140814, 11, 10, Greystone O, 5, Tennyson C, 8, Yardley A, 3, Kingsley O
Riley, Lee, Ravenscroft A, Kingsley O, 167663, 8, 17, Ingram O, 13, Radcliffe L, 1, Marlowe B, 11, Wainwright J
Alexander, Jones, Ravenscroft A, Abernathy S, 130317, 8, 2, Greystone M, 5, Tennyson C, 10, Greystone O, 3, Kingsley O
Gianna, Flores, Eversley A, Greystone M, 162639, 11, 37, Davenport W, 26, Whitmore C, 2, Greystone M, 6, Fitzwilliam J
Grace, Lopez, Greystone O, Whitmore H, 121834, 8, 9, Quincy B, 14, Beaumont S, 1, Marlowe B, 18, Kingsley H
Liam, Clark, Rutherford E, Whitmore H, 160870, 8, 26, Whitmore C, 21, Fairfax O, 8, Yardley A, 22, Ellsworth G
Daniel, Johnson, Radcliffe L, Ravenscroft S, 194545, 11, 11, Wainwright J, 3, Kingsley O, 10, Greystone O, 4, Eversley A
Mason, Campbell, Kingsley D, Ainsworth G, 108894, 11, 19, Montgomery C, 40, Montgomery O, 11, Wainwright J, 8, Yardley A
Jack, Brown, Beaumont S, Ainsworth G, 165384, 8, 8, Yardley A, 7, Ashford S, 6, Fitzwilliam J, 9, Quincy B
Sebastian, Wright, Marlowe B, Yardley A, 114858, 12, 16, Ormsby M, 18, Kingsley H, 20, Fairfax R, 12, Fitzwilliam E
Ella, Wright, Radcliffe L, Kingsley O, 122010, 11, 1, Marlowe B, 7, Ashford S, 9, Quincy B, 5, Tennyson C
Grace, Hernandez, Galloway J, Fitzwilliam E, 173889, 11, 17, Ingram O, 16, Ormsby M, 7, Ashford S, 2, Greystone M
Layla, Green, Ashford S, Ravenscroft A, 167430, 11, 34, Rutherford E, 31, Galloway J, 1, Marlowe B, 2, Greystone M
Layla, Baker, Davenport W, Blackwood I, 194657, 12, 18, Kingsley H, 14, Beaumont S, 5, Tennyson C, 15, Haverford G
Aiden, Taylor, Ormsby M, Radcliffe L, 160270, 8, 5, Tennyson C, 4, Eversley A, 2, Greystone M, 7, Ashford S
Emma, Jackson, Ingram O, Quincy B, 127964, 7, 6, Fitzwilliam J, 8, Yardley A, 9, Quincy B, 1, Marlowe B
Oliver, Rivera, Rutherford E, Whitmore C, 164441, 7, 28, Ainsworth G, 11, Wainwright J, 18, Kingsley H, 35, Vance J
Ella, Baker, Whitmore C, Vance J, 143966, 8, 3, Kingsley O, 5, Tennyson C, 4, Eversley A, 10, Greystone O
Henry, Allen, Ellsworth G, Montgomery C, 193560, 9, 14, Beaumont S, 9, Quincy B, 16, Ormsby M, 2, Greystone M
Olivia, Garcia, Blackwood I, Blackwood I, 169698, 9, 4, Eversley A, 8, Yardley A, 15, Haverford G, 20, Fairfax R
Mia, Martin, Fairfax R, Fitzwilliam J, 132239, 9, 21, Fairfax O, 13, Radcliffe L, 15, Haverford G, 24, Blackwood I
Jackson, Martinez, Langley G, Kingsley D, 134913, 9, 5, Tennyson C, 32, Ravenscroft S, 33, Langley G, 16, Ormsby M
Nora, Ramirez, Ainsworth G, Rutherford E, 196580, 8, 17, Ingram O, 8, Yardley A, 1, Marlowe B, 4, Eversley A
Ella, Hernandez, Ormsby M, Radcliffe L, 199844, 9, 4, Eversley A, 40, Montgomery O, 41, Whitmore H, 36, Kingsley D
Jack, Jackson, Blackwood I, Blackwood I, 120307, 12, 1, Marlowe B, 2, Greystone M, 7, Ashford S, 5, Tennyson C
Jack, Williams, Ravenscroft S, Quincy B, 145210, 11, 6, Fitzwilliam J, 8, Yardley A, 4, Eversley A, 3, Kingsley O
Scarlett, White, Wainwright J, Whitmore H, 135272, 9, 10, Greystone O, 1, Marlowe B, 2, Greystone M, 4, Eversley A
Owen, Johnson, Fairfax R, Blackwood I, 116124, 7, 2, Greystone M, 9, Quincy B, 24, Blackwood I, 20, Fairfax R
Zoey, Thomas, Ravenscroft A, Blackwood I, 147986, 9, 9, Quincy B, 14, Beaumont S, 13, Radcliffe L, 1, Marlowe B
Levi, Anderson, Fairfax O, Greystone O, 137096, 8, 23, Ravenscroft A, 29, Montgomery C, 37, Davenport W, 1, Marlowe B
Mateo, Hernandez, Ashford S, Marlowe B, 154245, 10, 14, Beaumont S, 7, Ashford S, 18, Kingsley H, 17, Ingram O
Sophia, Young, Beaumont S, Ravenscroft S, 161784, 8, 10, Greystone O, 2, Greystone M, 14, Beaumont S, 19, Montgomery C
Harper, Jackson, Greystone M, Galloway J, 153294, 11, 7, Ashford S, 19, Montgomery C, 12, Fitzwilliam E, 9, Quincy B
Alexander, Adams, Montgomery O, Blackwood I, 122032, 10, 19, Montgomery C, 7, Ashford S, 15, Haverford G, 10, Greystone O
Jack, Garcia, Fairfax O, Langley G, 165540, 8, 9, Quincy B, 31, Galloway J, 34, Rutherford E, 40, Montgomery O
Benjamin, Wright, Kingsley O, Abernathy S, 168471, 9, 13, Radcliffe L, 20, Fairfax R, 3, Kingsley O, 7, Ashford S
William, Allen, Galloway J, Fitzwilliam E, 190654, 10, 19, Montgomery C, 2, Greystone M, 10, Greystone O, 22, Ellsworth G
Jack, Clark, Yardley A, Montgomery C, 194618, 7, 1, Marlowe B, 11, Wainwright J, 19, Montgomery C, 9, Quincy B
Ava, Hill, Rutherford E, Whitmore H, 128919, 7, 4, Eversley A, 7, Ashford S, 6, Fitzwilliam J, 1, Marlowe B
Scarlett, Nelson, Underwood M, Davenport W, 125033, 9, 14, Beaumont S, 11, Wainwright J, 34, Rutherford E, 35, Vance J
Liam, Rodriguez, Haverford G, Greystone M, 122203, 10, 40, Montgomery O, 35, Vance J, 6, Fitzwilliam J, 21, Fairfax O
Zoey, Rivera, Abernathy S, Haverford G, 102365, 9, 22, Ellsworth G, 9, Quincy B, 35, Vance J, 15, Haverford G
Amelia, Roberts, Eversley A, Ravenscroft A, 182807, 7, 5, Tennyson C, 9, Quincy B, 33, Langley G, 38, Marlowe S
Luna, Lopez, Montgomery C, Greystone M, 126055, 12, 10, Greystone O, 20, Fairfax R, 16, Ormsby M, 17, Ingram O
Scarlett, Wright, Galloway J, Rutherford E, 194921, 8, 21, Fairfax O, 19, Montgomery C, 14, Beaumont S, 29, Montgomery C
Camila, Scott, Blackwood I, Ellsworth G, 187834, 10, 6, Fitzwilliam J, 9, Quincy B, 39, Abernathy S, 32, Ravenscroft S
Wyatt, Scott, Greystone O, Marlowe B, 115902, 9, 24, Blackwood I, 10, Greystone O, 27, Underwood M, 9, Quincy B
Ava, Roberts, Rutherford E, Fitzwilliam E, 113425, 12, 10, Greystone O, 13, Radcliffe L, 9, Quincy B, 20, Fairfax R
Alexander, Martinez, Kingsley O, Vance J, 192468, 8, 20, Fairfax R, 4, Eversley A, 5, Tennyson C, 8, Yardley A
Mason, Nguyen, Fitzwilliam J, Greystone O, 108187, 9, 7, Ashford S, 10, Greystone O, 25, Ravenscroft S, 27, Underwood M
Charlotte, Martin, Montgomery C, Ingram O, 162629, 9, 4, Eversley A, 37, Davenport W, 30, Sinclair J, 10, Greystone O
Lily, Flores, Ainsworth G, Radcliffe L, 134134, 7, 7, Ashford S, 12, Fitzwilliam E, 13, Radcliffe L, 15, Haverford G
Gianna, Robinson, Kingsley O, Montgomery C, 109977, 7, 15, Haverford G, 10, Greystone O, 20, Fairfax R, 5, Tennyson C
Ella, Scott, Whitmore H, Ellsworth G, 103325, 9, 8, Yardley A, 9, Quincy B, 2, Greystone M, 7, Ashford S
Ellie, Gonzalez, Galloway J, Ravenscroft S, 130282, 7, 36, Kingsley D, 38, Marlowe S, 37, Davenport W, 26, Whitmore C
Joseph, Miller, Vance J, Abernathy S, 127870, 7, 10, Greystone O, 18, Kingsley H, 24, Blackwood I, 26, Whitmore C
Zoey, Lopez, Underwood M, Ravenscroft S, 166221, 9, 10, Greystone O, 6, Fitzwilliam J, 2, Greystone M, 1, Marlowe B
Mia, Scott, Wainwright J, Marlowe B, 193566, 7, 6, Fitzwilliam J, 2, Greystone M, 5, Tennyson C, 7, Ashford S
William, Ramirez, Marlowe B, Marlowe B, 125993, 10, 25, Ravenscroft S, 5, Tennyson C, 20, Fairfax R, 18, Kingsley H
William, Lee, Marlowe S, Montgomery O, 196881, 12, 21, Fairfax O, 1, Marlowe B, 14, Beaumont S, 37, Davenport W
Ava, Thompson, Kingsley H, Wainwright J, 152576, 9, 19, Montgomery C, 20, Fairfax R, 13, Radcliffe L, 17, Ingram O
Ella, Young, Greystone O, Ravenscroft A, 191201, 8, 24, Blackwood I, 12, Fitzwilliam E, 30, Sinclair J, 33, Langley G
Jackson, Martin, Eversley A, Abernathy S, 194539, 12, 12, Fitzwilliam E, 8, Yardley A, 14, Beaumont S, 6, Fitzwilliam J
Henry, Campbell, Fitzwilliam E, Greystone O, 194960, 10, 19, Montgomery C, 14, Beaumont S, 4, Eversley A, 1, Marlowe B
Jack, Rodriguez, Ormsby M, Montgomery O, 128956, 9, 34, Rutherford E, 39, Abernathy S, 38, Marlowe S, 41, Whitmore H
Amelia, Davis, Ingram O, Galloway J, 120716, 10, 8, Yardley A, 20, Fairfax R, 11, Wainwright J, 39, Abernathy S
Mateo, Nelson, Galloway J, Marlowe B, 142363, 11, 10, Greystone O, 32, Ravenscroft S, 14, Beaumont S, 8, Yardley A
Ella, Torres, Eversley A, Haverford G, 144064, 7, 17, Ingram O, 15, Haverford G, 5, Tennyson C, 2, Greystone M
Layla, Hill, Fairfax O, Haverford G, 156922, 12, 23, Ravenscroft A, 18, Kingsley H, 38, Marlowe S, 8, Yardley A
Gianna, Martin, Galloway J, Greystone O, 106682, 11, 20, Fairfax R, 32, Ravenscroft S, 21, Fairfax O, 24, Blackwood I
Evelyn, Robinson, Ellsworth G, Abernathy S, 197727, 8, 22, Ellsworth G, 7, Ashford S, 32, Ravenscroft S, 41, Whitmore H
Lily, Williams, Whitmore H, Beaumont S, 120822, 8, 16, Ormsby M, 11, Wainwright J, 18, Kingsley H, 19, Montgomery C
Samuel, Harris, Ravenscroft S, Eversley A, 184549, 7, 20, Fairfax R, 5, Tennyson C, 19, Montgomery C, 30, Sinclair J
Liam, White, Ravenscroft A, Wainwright J, 145016, 11, 36, Kingsley D, 2, Greystone M, 21, Fairfax O, 15, Haverford G
Aria, Allen, Kingsley D, Blackwood I, 184720, 11, 16, Ormsby M, 12, Fitzwilliam E, 30, Sinclair J, 11, Wainwright J
Joseph, Scott, Ashford S, Haverford G, 183252, 11, 25, Ravenscroft S, 24, Blackwood I, 41, Whitmore H, 19, Montgomery C
Oliver, Martin, Marlowe S, Galloway J, 167976, 12, 10, Greystone O, 9, Quincy B, 7, Ashford S, 8, Yardley A
Joseph, Hernandez, Yardley A, Whitmore C, 156345, 7, 16, Ormsby M, 18, Kingsley H, 7, Ashford S, 9, Quincy B
Lily, Clark, Montgomery C, Marlowe B, 124658, 10, 4, Eversley A, 10, Greystone O, 8, Yardley A, 1, Marlowe B
Zoey, Gonzalez, Ingram O, Ellsworth G, 140630, 11, 4, Eversley A, 1, Marlowe B, 36, Kingsley D, 18, Kingsley H
Jackson, Smith, Greystone M, Fitzwilliam E, 172316, 8, 2, Greystone M, 23, Ravenscroft A, 36, Kingsley D, 34, Rutherford E
Ethan, White, Haverford G, Montgomery C, 190681, 12, 23, Ravenscroft A, 5, Tennyson C, 28, Ainsworth G, 4, Eversley A
Joseph, Rivera, Langley G, Ellsworth G, 131396, 11, 30, Sinclair J, 31, Galloway J, 32, Ravenscroft S, 26, Whitmore C
Olivia, Wilson, Quincy B, Montgomery C, 167375, 12, 25, Ravenscroft S, 24, Blackwood I, 38, Marlowe S, 17, Ingram O
Ella, Rivera, Galloway J, Ormsby M, 104558, 11, 6, Fitzwilliam J, 10, Greystone O, 9, Quincy B, 7, Ashford S
Benjamin, Nguyen, Greystone M, Fitzwilliam J, 166810, 9, 19, Montgomery C, 8, Yardley A, 12, Fitzwilliam E, 7, Ashford S
Charlotte, Taylor, Langley G, Eversley A, 145275, 9, 7, Ashford S, 8, Yardley A, 13, Radcliffe L, 5, Tennyson C
Daniel, Young, Ravenscroft A, Ingram O, 130077, 10, 8, Yardley A, 12, Fitzwilliam E, 14, Beaumont S, 16, Ormsby M
Emma, Carter, Montgomery C, Quincy B, 180968, 9, 39, Abernathy S, 6, Fitzwilliam J, 12, Fitzwilliam E, 38, Marlowe S
Henry, Perez, Marlowe B, Kingsley O, 171518, 12, 9, Quincy B, 4, Eversley A, 6, Fitzwilliam J, 1, Marlowe B
Sophia, Hill, Radcliffe L, Fitzwilliam E, 160959, 11, 6, Fitzwilliam J, 10, Greystone O, 18, Kingsley H, 20, Fairfax R
Elijah, Robinson, Montgomery C, Davenport W, 133875, 11, 26, Whitmore C, 6, Fitzwilliam J, 19, Montgomery C, 10, Greystone O
James, Young, Vance J, Fitzwilliam E, 170402, 9, 10, Greystone O, 1, Marlowe B, 9, Quincy B, 15, Haverford G
Joseph, Moore, Ashford S, Ravenscroft A, 169070, 8, 18, Kingsley H, 31, Galloway J, 4, Eversley A, 37, Davenport W
Sebastian, Lee, Whitmore C, Fairfax R, 105979, 11, 2, Greystone M, 7, Ashford S, 10, Greystone O, 8, Yardley A
Oliver, Miller, Underwood M, Fitzwilliam J, 130015, 11, 33, Langley G, 17, Ingram O, 14, Beaumont S, 34, Rutherford E
Liam, Sanchez, Montgomery O, Tennyson C, 165418, 10, 35, Vance J, 1, Marlowe B, 11, Wainwright J, 13, Radcliffe L
Mia, Davis, Ravenscroft S, Fairfax R, 154542, 12, 2, Greystone M, 9, Quincy B, 18, Kingsley H, 1, Marlowe B
Daniel, Robinson, Ingram O, Underwood M, 117896, 9, 1, Marlowe B, 2, Greystone M, 9, Quincy B, 6, Fitzwilliam J
Nora, Clark, Sinclair J, Underwood M, 155344, 10, 40, Montgomery O, 29, Montgomery C, 24, Blackwood I, 5, Tennyson C
Gianna, Clark, Davenport W, Marlowe S, 194866, 8, 14, Beaumont S, 15, Haverford G, 19, Montgomery C, 9, Quincy B
Henry, Smith, Haverford G, Marlowe S, 105459, 7, 26, Whitmore C, 13, Radcliffe L, 8, Yardley A, 11, Wainwright J
Harper, Thompson, Ellsworth G, Haverford G, 112043, 12, 16, Ormsby M, 24, Blackwood I, 13, Radcliffe L, 1, Marlowe B
Mila, Campbell, Sinclair J, Marlowe B, 123895, 8, 15, Haverford G, 20, Fairfax R, 41, Whitmore H, 8, Yardley A
William, Lewis, Greystone O, Blackwood I, 175001, 12, 15, Haverford G, 18, Kingsley H, 10, Greystone O, 25, Ravenscroft S
Lucas, Flores, Ashford S, Montgomery C, 114895, 7, 8, Yardley A, 2, Greystone M, 4, Eversley A, 12, Fitzwilliam E
Jackson, Wilson, Yardley A, Fitzwilliam J, 108342, 12, 6, Fitzwilliam J, 10, Greystone O, 4, Eversley A, 1, Marlowe B
Scarlett, Lee, Kingsley O, Montgomery C, 131409, 12, 1, Marlowe B, 9, Quincy B, 3, Kingsley O, 7, Ashford S
Ava, Flores, Abernathy S, Ravenscroft S, 113244, 9, 19, Montgomery C, 1, Marlowe B, 7, Ashford S, 17, Ingram O
Liam, Martinez, Tennyson C, Eversley A, 174416, 7, 9, Quincy B, 2, Greystone M, 10, Greystone O, 7, Ashford S
Mia, Green, Ainsworth G, Rutherford E, 196576, 7, 12, Fitzwilliam E, 37, Davenport W, 19, Montgomery C, 26, Whitmore C
Wyatt, Smith, Fitzwilliam E, Greystone O, 165697, 7, 2, Greystone M, 15, Haverford G, 12, Fitzwilliam E, 18, Kingsley H
Luna, Lewis, Underwood M, Marlowe B, 180796, 8, 7, Ashford S, 2, Greystone M, 13, Radcliffe L, 12, Fitzwilliam E
Harper, Anderson, Galloway J, Ravenscroft A, 181224, 11, 39, Abernathy S, 24, Blackwood I, 30, Sinclair J, 28, Ainsworth G
Owen, Anderson, Tennyson C, Ingram O, 176372, 9, 4, Eversley A, 12, Fitzwilliam E, 41, Whitmore H, 13, Radcliffe L
Charlotte, Clark, Fairfax O, Underwood M, 125317, 9, 36, Kingsley D, 41, Whitmore H, 1, Marlowe B, 12, Fitzwilliam E
Owen, Green, Wainwright J, Ingram O, 168075, 10, 15, Haverford G, 4, Eversley A, 11, Wainwright J, 14, Beaumont S
Levi, Ramirez, Davenport W, Rutherford E, 110814, 7, 4, Eversley A, 10, Greystone O, 1, Marlowe B, 3, Kingsley O
Henry, Martin, Haverford G, Ormsby M, 142270, 9, 9, Quincy B, 1, Marlowe B, 6, Fitzwilliam J, 2, Greystone M
Emma, Williams, Fairfax O, Abernathy S, 148279, 7, 20, Fairfax R, 2, Greystone M, 26, Whitmore C, 9, Quincy B
Nora, Harris, Ellsworth G, Kingsley O, 171639, 8, 30, Sinclair J, 33, Langley G, 29, Montgomery C, 27, Underwood M
Camila, Hill, Montgomery O, Vance J, 136839, 12, 6, Fitzwilliam J, 1, Marlowe B, 8, Yardley A, 9, Quincy B
Mia, Baker, Kingsley O, Abernathy S, 194373, 7, 16, Ormsby M, 2, Greystone M, 7, Ashford S, 5, Tennyson C
Jackson, Nelson, Ingram O, Rutherford E, 119753, 9, 37, Davenport W, 24, Blackwood I, 22, Ellsworth G, 32, Ravenscroft S
Samuel, Young, Ravenscroft S, Fitzwilliam J, 194037, 9, 14, Beaumont S, 39, Abernathy S, 4, Eversley A, 28, Ainsworth G
Carter, Jones, Davenport W, Fairfax R, 153125, 11, 17, Ingram O, 15, Haverford G, 19, Montgomery C, 16, Ormsby M
Evelyn, Walker, Ravenscroft S, Tennyson C, 163167, 10, 10, Greystone O, 4, Eversley A, 6, Fitzwilliam J, 9, Quincy B
Riley, Davis, Ravenscroft S, Fitzwilliam E, 134297, 7, 18, Kingsley H, 1, Marlowe B, 14, Beaumont S, 4, Eversley A
Chloe, Adams, Davenport W, Marlowe S, 157182, 11, 1, Marlowe B, 14, Beaumont S, 25, Ravenscroft S, 33, Langley G
Emma, Moore, Montgomery C, Wainwright J, 137520, 7, 20, Fairfax R, 6, Fitzwilliam J, 14, Beaumont S, 17, Ingram O
Mia, Williams, Eversley A, Beaumont S, 141838, 11, 13, Radcliffe L, 5, Tennyson C, 2, Greystone M, 11, Wainwright J
Charlotte, King, Ormsby M, Ellsworth G, 120934, 12, 14, Beaumont S, 28, Ainsworth G, 17, Ingram O, 4, Eversley A
Carter, Walker, Radcliffe L, Marlowe B, 113465, 7, 1, Marlowe B, 8, Yardley A, 9, Quincy B, 4, Eversley A
Alexander, Smith, Kingsley O, Fitzwilliam J, 108710, 9, 10, Greystone O, 36, Kingsley D, 13, Radcliffe L, 40, Montgomery O
Ethan, Moore, Rutherford E, Kingsley D, 150668, 8, 8, Yardley A, 15, Haverford G, 25, Ravenscroft S, 4, Eversley A
Scarlett, Adams, Fitzwilliam J, Kingsley O, 172604, 9, 5, Tennyson C, 20, Fairfax R, 13, Radcliffe L, 14, Beaumont S
Nora, Anderson, Fitzwilliam E, Marlowe B, 155844, 7, 6, Fitzwilliam J, 4, Eversley A, 1, Marlowe B, 7, Ashford S
Ava, Roberts, Kingsley O, Whitmore H, 120563, 12, 13, Radcliffe L, 23, Ravenscroft A, 6, Fitzwilliam J, 4, Eversley A
Nora, Walker, Yardley A, Greystone M, 103200, 12, 4, Eversley A, 14, Beaumont S, 18, Kingsley H, 6, Fitzwilliam J
Liam, Williams, Fairfax R, Quincy B, 149873, 7, 21, Fairfax O, 36, Kingsley D, 2, Greystone M, 33, Langley G
Jack, Ramirez, Fitzwilliam E, Sinclair J, 108424, 7, 15, Haverford G, 7, Ashford S, 18, Kingsley H, 13, Radcliffe L
Aria, Wright, Wainwright J, Fairfax R, 185935, 12, 1, Marlowe B, 4, Eversley A, 25, Ravenscroft S, 24, Blackwood I
Levi, Jackson, Ormsby M, Marlowe S, 108542, 8, 17, Ingram O, 35, Vance J, 19, Montgomery C, 7, Ashford S
Joseph, Johnson, Ravenscroft S, Tennyson C, 145487, 7, 19, Montgomery C, 17, Ingram O, 9, Quincy B, 4, Eversley A
Isabella, Moore, Kingsley O, Marlowe S, 182947, 7, 5, Tennyson C, 3, Kingsley O, 12, Fitzwilliam E, 19, Montgomery C
Gianna, Perez, Ormsby M, Whitmore C, 109964, 11, 36, Kingsley D, 14, Beaumont S, 26, Whitmore C, 35, Vance J
Lily, Gonzalez, Ravenscroft S, Sinclair J, 176560, 10, 26, Whitmore C, 27, Underwood M, 12, Fitzwilliam E, 39, Abernathy S
Gianna, Walker, Greystone O, Greystone M, 113873, 8, 1, Marlowe B, 2, Greystone M, 10, Greystone O, 6, Fitzwilliam J
Ava, Brown, Galloway J, Sinclair J, 191227, 9, 12, Fitzwilliam E, 13, Radcliffe L, 6, Fitzwilliam J, 10, Greystone O
Zoey, Nelson, Ravenscroft S, Haverford G, 166688, 8, 33, Langley G, 40, Montgomery O, 37, Davenport W, 30, Sinclair J
Riley, Harris, Sinclair J, Ellsworth G, 143501, 9, 18, Kingsley H, 8, Yardley A, 15, Haverford G, 17, Ingram O
Samuel, Moore, Whitmore C, Whitmore H, 142735, 9, 8, Yardley A, 6, Fitzwilliam J, 3, Kingsley O, 9, Quincy B
Elijah, Brown, Ravenscroft A, Davenport W, 132959, 10, 14, Beaumont S, 15, Haverford G, 6, Fitzwilliam J, 9, Quincy B
Harper, Rivera, Davenport W, Vance J, 168804, 8, 3, Kingsley O, 7, Ashford S, 9, Quincy B, 8, Yardley A
Elijah, Anderson, Wainwright J, Fairfax O, 139037, 12, 10, Greystone O, 20, Fairfax R, 2, Greystone M, 12, Fitzwilliam E
Lily, Gonzalez, Galloway J, Montgomery C, 151558, 12, 9, Quincy B, 2, Greystone M, 8, Yardley A, 5, Tennyson C
Logan, Nguyen, Ashford S, Ormsby M, 171148, 11, 40, Montgomery O, 4, Eversley A, 5, Tennyson C, 27, Underwood M
Wyatt, Lee, Sinclair J, Montgomery C, 185077, 12, 6, Fitzwilliam J, 1, Marlowe B, 7, Ashford S, 5, Tennyson C
Layla, Young, Montgomery C, Ainsworth G, 127190, 10, 12, Fitzwilliam E, 15, Haverford G, 17, Ingram O, 5, Tennyson C
Sophia, Adams, Montgomery C, Haverford G, 105888, 12, 7, Ashford S, 6, Fitzwilliam J, 3, Kingsley O, 10, Greystone O
Alexander, Baker, Yardley A, Whitmore H, 132561, 7, 1, Marlowe B, 10, Greystone O, 6, Fitzwilliam J, 5, Tennyson C
Benjamin, Torres, Fitzwilliam E, Radcliffe L, 109822, 9, 1, Marlowe B, 18, Kingsley H, 19, Montgomery C, 2, Greystone M
Carter, Moore, Greystone O, Whitmore C, 180564, 7, 5, Tennyson C, 1, Marlowe B, 2, Greystone M, 9, Quincy B
Aria, Thomas, Montgomery C, Beaumont S, 158737, 11, 15, Haverford G, 13, Radcliffe L, 18, Kingsley H, 10, Greystone O
Aria, Davis, Underwood M, Whitmore H, 134308, 10, 5, Tennyson C, 9, Quincy B, 10, Greystone O, 3, Kingsley O
Harper, Hernandez, Marlowe S, Ainsworth G, 199455, 7, 15, Haverford G, 32, Ravenscroft S, 41, Whitmore H, 38, Marlowe S
Henry, Nelson, Whitmore C, Radcliffe L, 147002, 8, 33, Langley G, 20, Fairfax R, 18, Kingsley H, 22, Ellsworth G
Wyatt, Harris, Ashford S, Vance J, 158220, 8, 7, Ashford S, 9, Quincy B, 3, Kingsley O, 8, Yardley A
Ellie, Wright, Quincy B, Radcliffe L, 116434, 8, 17, Ingram O, 2, Greystone M, 3, Kingsley O, 14, Beaumont S
Jack, Torres, Radcliffe L, Ravenscroft A, 160917, 9, 39, Abernathy S, 15, Haverford G, 30, Sinclair J, 23, Ravenscroft A
Zoey, Lee, Fitzwilliam J, Whitmore H, 188141, 9, 9, Quincy B, 4, Eversley A, 18, Kingsley H, 11, Wainwright J
Liam, Martinez, Underwood M, Fitzwilliam J, 120458, 12, 5, Tennyson C, 9, Quincy B, 1, Marlowe B, 12, Fitzwilliam E
Ella, Campbell, Ravenscroft S, Ravenscroft S, 169447, 7, 39, Abernathy S, 5, Tennyson C, 40, Montgomery O, 25, Ravenscroft S
Mason, Torres, Fitzwilliam J, Whitmore C, 170364, 10, 15, Haverford G, 5, Tennyson C, 11, Wainwright J, 18, Kingsley H
Layla, Mitchell, Whitmore H, Ellsworth G, 126895, 9, 36, Kingsley D, 38, Marlowe S, 27, Underwood M, 41, Whitmore H
Owen, Harris, Haverford G, Ellsworth G, 109629, 10, 20, Fairfax R, 16, Ormsby M, 10, Greystone O, 12, Fitzwilliam E
Lily, Garcia, Whitmore C, Underwood M, 115560, 7, 2, Greystone M, 1, Marlowe B, 12, Fitzwilliam E, 13, Radcliffe L
Mila, Roberts, Quincy B, Ingram O, 145906, 8, 8, Yardley A, 28, Ainsworth G, 3, Kingsley O, 14, Beaumont S
Lily, Hall, Vance J, Ravenscroft S, 142260, 11, 4, Eversley A, 17, Ingram O, 3, Kingsley O, 30, Sinclair J
Benjamin, Roberts, Ravenscroft S, Tennyson C, 116269, 11, 20, Fairfax R, 37, Davenport W, 21, Fairfax O, 11, Wainwright J
Lucas, Thomas, Ravenscroft A, Fitzwilliam E, 180073, 11, 18, Kingsley H, 10, Greystone O, 2, Greystone M, 17, Ingram O
Layla, Wright, Whitmore C, Greystone O, 123286, 11, 15, Haverford G, 22, Ellsworth G, 8, Yardley A, 29, Montgomery C
Joseph, Ramirez, Ormsby M, Tennyson C, 102559, 11, 37, Davenport W, 24, Blackwood I, 1, Marlowe B, 29, Montgomery C
Camila, Flores, Whitmore H, Tennyson C, 159053, 8, 3, Kingsley O, 18, Kingsley H, 9, Quincy B, 16, Ormsby M
Ethan, Williams, Ravenscroft A, Ingram O, 132871, 10, 40, Montgomery O, 8, Yardley A, 13, Radcliffe L, 22, Ellsworth G
Carter, Williams, Haverford G, Sinclair J, 130656, 7, 22, Ellsworth G, 38, Marlowe S, 1, Marlowe B, 27, Underwood M
Ella, Lee, Quincy B, Ashford S, 184485, 10, 9, Quincy B, 36, Kingsley D, 10, Greystone O, 1, Marlowe B
Mia, Davis, Abernathy S, Abernathy S, 138333, 12, 16, Ormsby M, 19, Montgomery C, 41, Whitmore H, 39, Abernathy S
Evelyn, Rodriguez, Whitmore H, Ravenscroft S, 182223, 11, 1, Marlowe B, 9, Quincy B, 8, Yardley A, 6, Fitzwilliam J
Mateo, Jackson, Ormsby M, Greystone O, 168394, 12, 5, Tennyson C, 21, Fairfax O, 26, Whitmore C, 12, Fitzwilliam E
Alexander, Scott, Radcliffe L, Ainsworth G, 197523, 10, 2, Greystone M, 5, Tennyson C, 21, Fairfax O, 33, Langley G
Riley, Torres, Ellsworth G, Kingsley H, 149275, 9, 16, Ormsby M, 22, Ellsworth G, 41, Whitmore H, 26, Whitmore C
Joseph, Torres, Kingsley O, Montgomery C, 183818, 9, 13, Radcliffe L, 16, Ormsby M, 10, Greystone O, 1, Marlowe B
Wyatt, Perez, Ravenscroft A, Wainwright J, 172862, 12, 24, Blackwood I, 14, Beaumont S, 5, Tennyson C, 9, Quincy B
Ethan, Miller, Yardley A, Ravenscroft A, 130540, 9, 1, Marlowe B, 7, Ashford S, 15, Haverford G, 6, Fitzwilliam J
Samuel, Robinson, Montgomery C, Kingsley O, 159635, 12, 41, Whitmore H, 13, Radcliffe L, 35, Vance J, 30, Sinclair J
Ethan, Perez, Montgomery C, Ravenscroft S, 187306, 12, 13, Radcliffe L, 15, Haverford G, 20, Fairfax R, 8, Yardley A
Levi, Martinez, Ravenscroft S, Tennyson C, 115403, 7, 19, Montgomery C, 27, Underwood M, 22, Ellsworth G, 2, Greystone M
Camila, Garcia, Marlowe B, Underwood M, 153168, 9, 13, Radcliffe L, 8, Yardley A, 9, Quincy B, 6, Fitzwilliam J
Mila, Rivera, Ravenscroft S, Tennyson C, 159340, 11, 12, Fitzwilliam E, 5, Tennyson C, 2, Greystone M, 7, Ashford S
Mia, Gonzalez, Langley G, Haverford G, 193382, 11, 9, Quincy B, 12, Fitzwilliam E, 6, Fitzwilliam J, 7, Ashford S
Zoey, Allen, Blackwood I, Galloway J, 163513, 7, 2, Greystone M, 19, Montgomery C, 3, Kingsley O, 20, Fairfax R
Aria, Hernandez, Ainsworth G, Kingsley D, 137341, 10, 12, Fitzwilliam E, 19, Montgomery C, 24, Blackwood I, 26, Whitmore C
Harper, Jackson, Quincy B, Langley G, 179508, 9, 19, Montgomery C, 1, Marlowe B, 11, Wainwright J, 21, Fairfax O
James, Harris, Kingsley H, Ravenscroft S, 160499, 12, 20, Fairfax R, 4, Eversley A, 8, Yardley A, 2, Greystone M
Mason, Johnson, Ellsworth G, Beaumont S, 119662, 9, 4, Eversley A, 17, Ingram O, 8, Yardley A, 9, Quincy B
Scarlett, Ramirez, Blackwood I, Eversley A, 115730, 12, 9, Quincy B, 3, Kingsley O, 21, Fairfax O, 25, Ravenscroft S
Owen, Adams, Ainsworth G, Fitzwilliam J, 196887, 7, 9, Quincy B, 20, Fairfax R, 10, Greystone O, 17, Ingram O
Jackson, Mitchell, Quincy B, Greystone O, 116080, 8, 29, Montgomery C, 14, Beaumont S, 26, Whitmore C, 11, Wainwright J
Wyatt, Gonzalez, Abernathy S, Beaumont S, 104309, 7, 1, Marlowe B, 36, Kingsley D, 12, Fitzwilliam E, 38, Marlowe S
Aiden, Clark, Kingsley O, Haverford G, 156108, 11, 10, Greystone O, 41, Whitmore H, 22, Ellsworth G, 16, Ormsby M
Ava, Thompson, Ormsby M, Greystone O, 117817, 9, 20, Fairfax R, 16, Ormsby M, 8, Yardley A, 1, Marlowe B
Camila, Young, Marlowe B, Eversley A, 142144, 9, 3, Kingsley O, 6, Fitzwilliam J, 5, Tennyson C, 10, Greystone O
Chloe, Scott, Ashford S, Fairfax O, 192436, 8, 15, Haverford G, 16, Ormsby M, 3, Kingsley O, 7, Ashford S
Sophia, Carter, Marlowe S, Ravenscroft S, 143907, 11, 14, Beaumont S, 6, Fitzwilliam J, 15, Haverford G, 19, Montgomery C
Nora, Perez, Beaumont S, Tennyson C, 163021, 10, 36, Kingsley D, 5, Tennyson C, 3, Kingsley O, 33, Langley G
Samuel, Jones, Greystone O, Sinclair J, 167908, 11, 15, Haverford G, 30, Sinclair J, 29, Montgomery C, 33, Langley G
Logan, Sanchez, Montgomery C, Fairfax O, 193266, 12, 8, Yardley A, 3, Kingsley O, 1, Marlowe B, 16, Ormsby M
Lucas, Harris, Montgomery C, Montgomery C, 176008, 12, 16, Ormsby M, 19, Montgomery C, 13, Radcliffe L, 8, Yardley A
Liam, Wright, Ashford S, Yardley A, 167394, 12, 2, Greystone M, 19, Montgomery C, 17, Ingram O, 12, Fitzwilliam E
Logan, Gonzalez, Fitzwilliam J, Langley G, 129172, 11, 9, Quincy B, 12, Fitzwilliam E, 16, Ormsby M, 2, Greystone M
Lucas, Hill, Quincy B, Galloway J, 125460, 9, 3, Kingsley O, 9, Quincy B, 8, Yardley A, 7, Ashford S
Emma, Smith, Kingsley O, Ravenscroft A, 104569, 11, 2, Greystone M, 4, Eversley A, 1, Marlowe B, 7, Ashford S
Samuel, Nelson, Blackwood I, Ravenscroft S, 109754, 7, 9, Quincy B, 10, Greystone O, 5, Tennyson C, 2, Greystone M
William, Roberts, Galloway J, Wainwright J, 134012, 8, 3, Kingsley O, 4, Eversley A, 1, Marlowe B, 2, Greystone M
Jack, Lee, Marlowe B, Haverford G, 147191, 7, 20, Fairfax R, 5, Tennyson C, 6, Fitzwilliam J, 19, Montgomery C
Logan, Davis, Fairfax R, Ravenscroft S, 173437, 12, 2, Greystone M, 9, Quincy B, 16, Ormsby M, 8, Yardley A
Layla, Adams, Abernathy S, Ellsworth G, 174856, 12, 10, Greystone O, 14, Beaumont S, 11, Wainwright J, 9, Quincy B
Ava, King, Fairfax R, Kingsley D, 106669, 7, 31, Galloway J, 19, Montgomery C, 27, Underwood M, 21, Fairfax O
Lucas, Harris, Kingsley O, Davenport W, 168950, 7, 10, Greystone O, 6, Fitzwilliam J, 3, Kingsley O, 4, Eversley A
Mason, Roberts, Montgomery C, Ravenscroft S, 187839, 10, 17, Ingram O, 16, Ormsby M, 14, Beaumont S, 4, Eversley A
Lucas, Harris, Kingsley H, Quincy B, 109734, 10, 19, Montgomery C, 18, Kingsley H, 17, Ingram O, 5, Tennyson C
Mia, Moore, Fitzwilliam J, Ravenscroft A, 126780, 8, 1, Marlowe B, 6, Fitzwilliam J, 10, Greystone O, 5, Tennyson C
Luna, Martinez, Ainsworth G, Ravenscroft S, 116838, 8, 26, Whitmore C, 39, Abernathy S, 36, Kingsley D, 18, Kingsley H
Isabella, Mitchell, Haverford G, Galloway J, 115029, 8, 24, Blackwood I, 29, Montgomery C, 33, Langley G, 20, Fairfax R
Charlotte, Miller, Kingsley O, Ainsworth G, 157843, 7, 8, Yardley A, 4, Eversley A, 2, Greystone M, 6, Fitzwilliam J
Charlotte, Martin, Whitmore H, Quincy B, 172567, 10, 26, Whitmore C, 21, Fairfax O, 9, Quincy B, 12, Fitzwilliam E
Lily, Torres, Ormsby M, Ainsworth G, 129857, 12, 9, Quincy B, 35, Vance J, 27, Underwood M, 34, Rutherford E
Grace, Perez, Kingsley O, Quincy B, 138532, 7, 20, Fairfax R, 9, Quincy B, 39, Abernathy S, 2, Greystone M
Camila, Gonzalez, Montgomery C, Marlowe S, 158741, 8, 11, Wainwright J, 9, Quincy B, 17, Ingram O, 16, Ormsby M
Carter, Allen, Quincy B, Haverford G, 173476, 10, 18, Kingsley H, 11, Wainwright J, 2, Greystone M, 15, Haverford G
Harper, Rivera, Ormsby M, Ainsworth G, 128513, 7, 2, Greystone M, 15, Haverford G, 7, Ashford S, 10, Greystone O
Camila, Carter, Fitzwilliam E, Montgomery O, 198417, 11, 13, Radcliffe L, 1, Marlowe B, 3, Kingsley O, 7, Ashford S
Liam, Perez, Rutherford E, Beaumont S, 166319, 11, 14, Beaumont S, 16, Ormsby M, 18, Kingsley H, 1, Marlowe B
Riley, Robinson, Ashford S, Montgomery O, 167722, 11, 5, Tennyson C, 3, Kingsley O, 9, Quincy B, 7, Ashford S
Gianna, Carter, Davenport W, Abernathy S, 113235, 12, 27, Underwood M, 32, Ravenscroft S, 23, Ravenscroft A, 30, Sinclair J
Luna, Lewis, Montgomery C, Eversley A, 142011, 10, 15, Haverford G, 13, Radcliffe L, 18, Kingsley H, 4, Eversley A
Zoey, Wilson, Beaumont S, Greystone M, 169213, 8, 29, Montgomery C, 23, Ravenscroft A, 30, Sinclair J, 2, Greystone M
Sophia, Campbell, Montgomery C, Ormsby M, 149369, 8, 12, Fitzwilliam E, 7, Ashford S, 13, Radcliffe L, 8, Yardley A
Benjamin, Smith, Kingsley O, Beaumont S, 120988, 11, 27, Underwood M, 11, Wainwright J, 36, Kingsley D, 16, Ormsby M
Henry, Jackson, Ormsby M, Whitmore C, 185804, 8, 1, Marlowe B, 5, Tennyson C, 3, Kingsley O, 2, Greystone M
Wyatt, Torres, Kingsley H, Yardley A, 184347, 9, 13, Radcliffe L, 12, Fitzwilliam E, 20, Fairfax R, 6, Fitzwilliam J
Emma, Taylor, Marlowe B, Yardley A, 197225, 10, 7, Ashford S, 8, Yardley A, 5, Tennyson C, 2, Greystone M
Chloe, King, Abernathy S, Ashford S, 117524, 9, 3, Kingsley O, 2, Greystone M, 1, Marlowe B, 4, Eversley A
Harper, Lopez, Vance J, Ravenscroft S, 195340, 11, 6, Fitzwilliam J, 17, Ingram O, 8, Yardley A, 5, Tennyson C
Chloe, Lopez, Montgomery C, Radcliffe L, 111398, 12, 17, Ingram O, 6, Fitzwilliam J, 16, Ormsby M, 13, Radcliffe L
Gianna, Young, Fairfax O, Ellsworth G, 140094, 9, 1, Marlowe B, 8, Yardley A, 2, Greystone M, 4, Eversley A
Liam, Perez, Yardley A, Tennyson C, 105728, 12, 23, Ravenscroft A, 16, Ormsby M, 24, Blackwood I, 6, Fitzwilliam J
Logan, Wright, Radcliffe L, Eversley A, 131653, 8, 14, Beaumont S, 33, Langley G, 25, Ravenscroft S, 23, Ravenscroft A
Amelia, Moore, Ashford S, Montgomery C, 116655, 7, 31, Galloway J, 32, Ravenscroft S, 33, Langley G, 24, Blackwood I
Noah, Brown, Beaumont S, Ashford S, 141840, 10, 32, Ravenscroft S, 35, Vance J, 10, Greystone O, 37, Davenport W
Riley, Anderson, Ormsby M, Montgomery C, 191750, 8, 16, Ormsby M, 19, Montgomery C, 9, Quincy B, 4, Eversley A
Carter, Carter, Greystone O, Ainsworth G, 101818, 8, 21, Fairfax O, 14, Beaumont S, 41, Whitmore H, 15, Haverford G
Elijah, Campbell, Ormsby M, Vance J, 170893, 10, 15, Haverford G, 14, Beaumont S, 6, Fitzwilliam J, 16, Ormsby M
Scarlett, Baker, Galloway J, Marlowe B, 101943, 10, 1, Marlowe B, 32, Ravenscroft S, 4, Eversley A, 33, Langley G
Elijah, King, Sinclair J, Haverford G, 149863, 12, 39, Abernathy S, 33, Langley G, 22, Ellsworth G, 20, Fairfax R
Mia, Hall, Ravenscroft A, Yardley A, 165169, 7, 16, Ormsby M, 15, Haverford G, 8, Yardley A, 41, Whitmore H
Evelyn, Anderson, Ormsby M, Vance J, 158458, 9, 15, Haverford G, 3, Kingsley O, 11, Wainwright J, 21, Fairfax O
Ava, Allen, Haverford G, Kingsley D, 151590, 7, 26, Whitmore C, 13, Radcliffe L, 18, Kingsley H, 36, Kingsley D
Logan, Adams, Underwood M, Abernathy S, 193552, 7, 2, Greystone M, 4, Eversley A, 8, Yardley A, 10, Greystone O
Oliver, Taylor, Ravenscroft A, Fairfax O, 129651, 10, 24, Blackwood I, 18, Kingsley H, 36, Kingsley D, 3, Kingsley O
Mila, Lopez, Greystone O, Montgomery C, 197142, 8, 9, Quincy B, 17, Ingram O, 1, Marlowe B, 4, Eversley A
Joseph, Anderson, Fairfax R, Ingram O, 164037, 10, 10, Greystone O, 6, Fitzwilliam J, 1, Marlowe B, 9, Quincy B
Lucas, Moore, Fairfax O, Davenport W, 195212, 10, 5, Tennyson C, 9, Quincy B, 8, Yardley A, 6, Fitzwilliam J
Samuel, Campbell, Fairfax O, Ravenscroft A, 100062, 7, 11, Wainwright J, 20, Fairfax R, 1, Marlowe B, 17, Ingram O
Riley, Moore, Quincy B, Greystone O, 157594, 8, 34, Rutherford E, 7, Ashford S, 1, Marlowe B, 25, Ravenscroft S
Carter, Miller, Underwood M, Ormsby M, 110616, 8, 35, Vance J, 2, Greystone M, 11, Wainwright J, 31, Galloway J
James, Torres, Marlowe S, Kingsley D, 102675, 11, 12, Fitzwilliam E, 11, Wainwright J, 7, Ashford S, 13, Radcliffe L
Oliver, Rodriguez, Ravenscroft S, Galloway J, 129313, 9, 8, Yardley A, 20, Fairfax R, 12, Fitzwilliam E, 14, Beaumont S
Nora, Roberts, Vance J, Kingsley H, 152795, 11, 24, Blackwood I, 6, Fitzwilliam J, 33, Langley G, 21, Fairfax O
Charlotte, Ramirez, Fitzwilliam E, Yardley A, 199359, 8, 29, Montgomery C, 37, Davenport W, 8, Yardley A, 26, Whitmore C
Jackson, Harris, Sinclair J, Marlowe B, 144830, 10, 5, Tennyson C, 6, Fitzwilliam J, 11, Wainwright J, 12, Fitzwilliam E
Joseph, Johnson, Marlowe B, Ellsworth G, 116299, 11, 12, Fitzwilliam E, 23, Ravenscroft A, 22, Ellsworth G, 2, Greystone M
Amelia, Perez, Montgomery C, Ainsworth G, 152045, 7, 5, Tennyson C, 2, Greystone M, 1, Marlowe B, 18, Kingsley H
Harper, Lee, Greystone O, Ashford S, 160211, 8, 10, Greystone O, 6, Fitzwilliam J, 9, Quincy B, 3, Kingsley O
Ella, Jackson, Haverford G, Kingsley H, 140876, 8, 2, Greystone M, 12, Fitzwilliam E, 20, Fairfax R, 11, Wainwright J
Lily, Jackson, Blackwood I, Ravenscroft A, 122141, 10, 16, Ormsby M, 41, Whitmore H, 8, Yardley A, 24, Blackwood I
Carter, Martin, Kingsley H, Kingsley D, 106491, 10, 2, Greystone M, 15, Haverford G, 16, Ormsby M, 5, Tennyson C
Zoey, Sanchez, Ravenscroft A, Ashford S, 116048, 11, 19, Montgomery C, 20, Fairfax R, 1, Marlowe B, 15, Haverford G
Mila, Carter, Langley G, Quincy B, 173378, 10, 37, Davenport W, 12, Fitzwilliam E, 2, Greystone M, 21, Fairfax O
Lucas, Scott, Kingsley H, Whitmore C, 115806, 10, 19, Montgomery C, 12, Fitzwilliam E, 29, Montgomery C, 24, Blackwood I
Emma, Johnson, Ainsworth G, Montgomery C, 149072, 12, 14, Beaumont S, 32, Ravenscroft S, 20, Fairfax R, 12, Fitzwilliam E
Aiden, Nguyen, Whitmore H, Wainwright J, 191832, 12, 18, Kingsley H, 21, Fairfax O, 20, Fairfax R, 23, Ravenscroft A
Logan, Scott, Radcliffe L, Ormsby M, 107196, 9, 40, Montgomery O, 41, Whitmore H, 25, Ravenscroft S, 30, Sinclair J
Daniel, Taylor, Montgomery C, Fitzwilliam E, 101710, 9, 8, Yardley A, 17, Ingram O, 5, Tennyson C, 20, Fairfax R
James, Garcia, Fitzwilliam E, Ingram O, 175725, 9, 4, Eversley A, 12, Fitzwilliam E, 31, Galloway J, 5, Tennyson C
Amelia, Thomas, Beaumont S, Ashford S, 171264, 8, 3, Kingsley O, 2, Greystone M, 9, Quincy B, 12, Fitzwilliam E
Jack, Lopez, Ravenscroft A, Davenport W, 138184, 8, 13, Radcliffe L, 16, Ormsby M, 15, Haverford G, 8, Yardley A
Joseph, Torres, Davenport W, Fitzwilliam J, 145862, 11, 5, Tennyson C, 12, Fitzwilliam E, 17, Ingram O, 13, Radcliffe L
Aiden, Hernandez, Haverford G, Ashford S, 130217, 10, 12, Fitzwilliam E, 28, Ainsworth G, 13, Radcliffe L, 41, Whitmore H
Riley, Carter, Galloway J, Whitmore C, 176042, 7, 36, Kingsley D, 20, Fairfax R, 31, Galloway J, 21, Fairfax O
Owen, Robinson, Blackwood I, Davenport W, 106117, 9, 13, Radcliffe L, 17, Ingram O, 16, Ormsby M, 4, Eversley A
Jackson, Carter, Tennyson C, Eversley A, 171453, 10, 40, Montgomery O, 18, Kingsley H, 2, Greystone M, 1, Marlowe B
Alexander, Flores, Ellsworth G, Ravenscroft A, 189933, 10, 16, Ormsby M, 12, Fitzwilliam E, 6, Fitzwilliam J, 11, Wainwright J
Mason, Ramirez, Marlowe B, Ravenscroft S, 141027, 7, 11, Wainwright J, 21, Fairfax O, 10, Greystone O, 40, Montgomery O
Riley, Walker, Ashford S, Haverford G, 136972, 12, 7, Ashford S, 16, Ormsby M, 2, Greystone M, 17, Ingram O
Harper, Nguyen, Montgomery O, Vance J, 163361, 12, 10, Greystone O, 7, Ashford S, 5, Tennyson C, 3, Kingsley O
Scarlett, Carter, Fitzwilliam E, Tennyson C, 193972, 10, 28, Ainsworth G, 41, Whitmore H, 22, Ellsworth G, 4, Eversley A
Harper, Thomas, Vance J, Ormsby M, 131504, 11, 29, Montgomery C, 26, Whitmore C, 7, Ashford S, 34, Rutherford E
Evelyn, Green, Ellsworth G, Ingram O, 106933, 9, 36, Kingsley D, 38, Marlowe S, 33, Langley G, 41, Whitmore H
Joseph, Perez, Marlowe B, Eversley A, 184304, 7, 19, Montgomery C, 37, Davenport W, 27, Underwood M, 16, Ormsby M
Levi, Hernandez, Montgomery C, Rutherford E, 146203, 8, 21, Fairfax O, 40, Montgomery O, 27, Underwood M, 32, Ravenscroft S
Camila, Perez, Fairfax O, Ravenscroft S, 139211, 10, 9, Quincy B, 19, Montgomery C, 15, Haverford G, 10, Greystone O
Oliver, Thomas, Radcliffe L, Sinclair J, 102622, 9, 2, Greystone M, 4, Eversley A, 9, Quincy B, 3, Kingsley O
Layla, Walker, Quincy B, Ellsworth G, 128475, 9, 9, Quincy B, 28, Ainsworth G, 30, Sinclair J, 16, Ormsby M
Scarlett, Gonzalez, Haverford G, Abernathy S, 149189, 11, 8, Yardley A, 10, Greystone O, 9, Quincy B, 5, Tennyson C
Noah, Lewis, Vance J, Vance J, 140086, 9, 15, Haverford G, 19, Montgomery C, 8, Yardley A, 13, Radcliffe L
Chloe, Sanchez, Montgomery C, Beaumont S, 157101, 8, 8, Yardley A, 18, Kingsley H, 17, Ingram O, 6, Fitzwilliam J
Aria, Smith, Fairfax R, Montgomery O, 149839, 10, 9, Quincy B, 31, Galloway J, 34, Rutherford E, 16, Ormsby M
Harper, Mitchell, Yardley A, Ingram O, 196747, 12, 23, Ravenscroft A, 40, Montgomery O, 37, Davenport W, 27, Underwood M
Ava, Lee, Quincy B, Vance J, 163002, 9, 7, Ashford S, 13, Radcliffe L, 17, Ingram O, 11, Wainwright J
Harper, Adams, Rutherford E, Ravenscroft S, 124481, 12, 32, Ravenscroft S, 14, Beaumont S, 21, Fairfax O, 26, Whitmore C
Grace, Taylor, Montgomery O, Underwood M, 169145, 9, 15, Haverford G, 5, Tennyson C, 18, Kingsley H, 8, Yardley A
Scarlett, Hall, Ellsworth G, Ainsworth G, 164177, 12, 41, Whitmore H, 14, Beaumont S, 35, Vance J, 12, Fitzwilliam E
Noah, Carter, Tennyson C, Abernathy S, 198091, 12, 4, Eversley A, 10, Greystone O, 6, Fitzwilliam J, 8, Yardley A
Zoey, Roberts, Whitmore H, Sinclair J, 109372, 12, 39, Abernathy S, 22, Ellsworth G, 16, Ormsby M, 12, Fitzwilliam E
Mason, Martinez, Ravenscroft S, Blackwood I, 136080, 8, 28, Ainsworth G, 37, Davenport W, 10, Greystone O, 41, Whitmore H
Aiden, Gonzalez, Montgomery O, Ainsworth G, 197957, 11, 12, Fitzwilliam E, 18, Kingsley H, 5, Tennyson C, 20, Fairfax R
Noah, Martinez, Ellsworth G, Yardley A, 100669, 11, 2, Greystone M, 7, Ashford S, 17, Ingram O, 19, Montgomery C
Oliver, Miller, Wainwright J, Blackwood I, 153792, 8, 18, Kingsley H, 26, Whitmore C, 40, Montgomery O, 36, Kingsley D
Oliver, Nguyen, Yardley A, Kingsley O, 197911, 12, 10, Greystone O, 14, Beaumont S, 12, Fitzwilliam E, 11, Wainwright J
Samuel, Wright, Kingsley O, Langley G, 178692, 9, 27, Underwood M, 23, Ravenscroft A, 12, Fitzwilliam E, 6, Fitzwilliam J
Amelia, Miller, Underwood M, Galloway J, 106346, 10, 3, Kingsley O, 27, Underwood M, 33, Langley G, 38, Marlowe S
Scarlett, Wilson, Marlowe S, Marlowe S, 144082, 11, 5, Tennyson C, 34, Rutherford E, 23, Ravenscroft A, 18, Kingsley H
Zoey, Lewis, Montgomery O, Yardley A, 162071, 9, 3, Kingsley O, 17, Ingram O, 25, Ravenscroft S, 15, Haverford G
Sophia, Roberts, Ravenscroft S, Davenport W, 197580, 11, 36, Kingsley D, 32, Ravenscroft S, 23, Ravenscroft A, 33, Langley G
Ethan, Williams, Langley G, Galloway J, 116666, 11, 36, Kingsley D, 23, Ravenscroft A, 35, Vance J, 18, Kingsley H
Ellie, Robinson, Tennyson C, Beaumont S, 172821, 8, 33, Langley G, 32, Ravenscroft S, 13, Radcliffe L, 36, Kingsley D
Ava, Taylor, Greystone M, Quincy B, 179499, 12, 16, Ormsby M, 15, Haverford G, 10, Greystone O, 13, Radcliffe L
Lily, Flores, Montgomery C, Ormsby M, 179517, 10, 4, Eversley A, 25, Ravenscroft S, 32, Ravenscroft S, 10, Greystone O
Scarlett, Lopez, Galloway J, Ormsby M, 117920, 10, 8, Yardley A, 4, Eversley A, 6, Fitzwilliam J, 26, Whitmore C
Nora, Taylor, Quincy B, Whitmore C, 111473, 7, 12, Fitzwilliam E, 11, Wainwright J, 3, Kingsley O, 19, Montgomery C
Alexander, Baker, Marlowe S, Radcliffe L, 140154, 10, 4, Eversley A, 3, Kingsley O, 7, Ashford S, 6, Fitzwilliam J
William, Harris, Rutherford E, Montgomery C, 139397, 11, 5, Tennyson C, 3, Kingsley O, 4, Eversley A, 31, Galloway J
Ethan, Young, Kingsley D, Ravenscroft S, 122190, 9, 14, Beaumont S, 16, Ormsby M, 17, Ingram O, 11, Wainwright J
Jackson, Walker, Yardley A, Ingram O, 103422, 9, 5, Tennyson C, 20, Fairfax R, 12, Fitzwilliam E, 18, Kingsley H
Oliver, Perez, Montgomery O, Ravenscroft A, 130931, 8, 27, Underwood M, 5, Tennyson C, 28, Ainsworth G, 10, Greystone O
Aiden, King, Beaumont S, Eversley A, 195676, 11, 28, Ainsworth G, 38, Marlowe S, 30, Sinclair J, 11, Wainwright J
Ellie, White, Greystone O, Ravenscroft S, 170731, 11, 20, Fairfax R, 4, Eversley A, 17, Ingram O, 31, Galloway J
Mila, Allen, Haverford G, Whitmore C, 194768, 10, 4, Eversley A, 10, Greystone O, 5, Tennyson C, 23, Ravenscroft A
Aiden, Anderson, Vance J, Marlowe B, 170057, 7, 11, Wainwright J, 32, Ravenscroft S, 15, Haverford G, 19, Montgomery C
Alexander, Miller, Fitzwilliam J, Underwood M, 106866, 7, 17, Ingram O, 13, Radcliffe L, 28, Ainsworth G, 10, Greystone O
Henry, Smith, Ainsworth G, Yardley A, 152750, 10, 6, Fitzwilliam J, 3, Kingsley O, 20, Fairfax R, 16, Ormsby M
Amelia, Rivera, Greystone O, Blackwood I, 108737, 8, 35, Vance J, 25, Ravenscroft S, 27, Underwood M, 13, Radcliffe L
Sebastian, Scott, Montgomery C, Whitmore C, 153082, 12, 7, Ashford S, 5, Tennyson C, 4, Eversley A, 10, Greystone O
Mateo, Brown, Rutherford E, Ravenscroft A, 117376, 11, 39, Abernathy S, 22, Ellsworth G, 15, Haverford G, 36, Kingsley D
Camila, Torres, Fitzwilliam E, Eversley A, 199657, 12, 4, Eversley A, 11, Wainwright J, 7, Ashford S, 12, Fitzwilliam E
Chloe, Rivera, Rutherford E, Montgomery O, 160876, 12, 8, Yardley A, 7, Ashford S, 4, Eversley A, 3, Kingsley O
Jack, Roberts, Whitmore C, Radcliffe L, 186581, 8, 6, Fitzwilliam J, 14, Beaumont S, 3, Kingsley O, 13, Radcliffe L
Sebastian, Sanchez, Rutherford E, Quincy B, 102850, 10, 2, Greystone M, 7, Ashford S, 4, Eversley A, 10, Greystone O
Amelia, Robinson, Radcliffe L, Greystone M, 116947, 12, 36, Kingsley D, 41, Whitmore H, 20, Fairfax R, 18, Kingsley H
Emma, Thompson, Ormsby M, Whitmore C, 129652, 7, 23, Ravenscroft A, 25, Ravenscroft S, 40, Montgomery O, 34, Rutherford E
Ava, Carter, Abernathy S, Langley G, 189062, 7, 16, Ormsby M, 34, Rutherford E, 25, Ravenscroft S, 22, Ellsworth G
Mia, Jones, Yardley A, Haverford G, 159984, 12, 5, Tennyson C, 17, Ingram O, 27, Underwood M, 29, Montgomery C
William, Martin, Ravenscroft S, Fairfax O, 145957, 8, 26, Whitmore C, 41, Whitmore H, 29, Montgomery C, 18, Kingsley H
Owen, Ramirez, Whitmore H, Fitzwilliam E, 191300, 9, 26, Whitmore C, 18, Kingsley H, 12, Fitzwilliam E, 37, Davenport W
Chloe, Torres, Beaumont S, Ellsworth G, 118251, 10, 31, Galloway J, 40, Montgomery O, 33, Langley G, 34, Rutherford E
Ethan, Allen, Montgomery C, Radcliffe L, 175805, 9, 23, Ravenscroft A, 14, Beaumont S, 12, Fitzwilliam E, 37, Davenport W
Ella, White, Yardley A, Beaumont S, 122314, 8, 26, Whitmore C, 20, Fairfax R, 4, Eversley A, 30, Sinclair J
Jack, Robinson, Davenport W, Abernathy S, 137706, 8, 8, Yardley A, 3, Kingsley O, 5, Tennyson C, 10, Greystone O
Jackson, Lee, Ellsworth G, Ainsworth G, 196087, 7, 7, Ashford S, 35, Vance J, 11, Wainwright J, 23, Ravenscroft A
Emma, Thompson, Davenport W, Fitzwilliam E, 105020, 7, 3, Kingsley O, 7, Ashford S, 4, Eversley A, 10, Greystone O
Amelia, Lopez, Beaumont S, Ingram O, 101363, 11, 6, Fitzwilliam J, 7, Ashford S, 16, Ormsby M, 13, Radcliffe L
Amelia, Moore, Haverford G, Quincy B, 139978, 7, 8, Yardley A, 3, Kingsley O, 7, Ashford S, 28, Ainsworth G
Scarlett, Hall, Kingsley O, Montgomery C, 192644, 11, 18, Kingsley H, 20, Fairfax R, 14, Beaumont S, 12, Fitzwilliam E
Lily, Torres, Montgomery C, Quincy B, 188804, 10, 28, Ainsworth G, 30, Sinclair J, 37, Davenport W, 11, Wainwright J
Sophia, Lee, Marlowe S, Underwood M, 150841, 11, 7, Ashford S, 25, Ravenscroft S, 4, Eversley A, 31, Galloway J
Lucas, Thompson, Sinclair J, Yardley A, 102857, 11, 12, Fitzwilliam E, 13, Radcliffe L, 30, Sinclair J, 3, Kingsley O
Noah, Scott, Sinclair J, Ashford S, 176523, 9, 32, Ravenscroft S, 14, Beaumont S, 5, Tennyson C, 19, Montgomery C
Mila, Williams, Underwood M, Ingram O, 171221, 9, 24, Blackwood I, 3, Kingsley O, 20, Fairfax R, 27, Underwood M
Elijah, Torres, Sinclair J, Beaumont S, 138415, 11, 36, Kingsley D, 18, Kingsley H, 33, Langley G, 22, Ellsworth G
Elijah, Carter, Wainwright J, Ravenscroft S, 124673, 10, 7, Ashford S, 24, Blackwood I, 22, Ellsworth G, 38, Marlowe S
William, Flores, Ainsworth G, Montgomery O, 104576, 7, 21, Fairfax O, 11, Wainwright J, 5, Tennyson C, 20, Fairfax R
Owen, Smith, Ravenscroft A, Kingsley O, 174310, 7, 21, Fairfax O, 33, Langley G, 16, Ormsby M, 40, Montgomery O
Olivia, Brown, Ravenscroft A, Kingsley H, 194605, 10, 28, Ainsworth G, 39, Abernathy S, 29, Montgomery C, 35, Vance J
Carter, Wright, Ravenscroft S, Yardley A, 199069, 7, 35, Vance J, 29, Montgomery C, 32, Ravenscroft S, 17, Ingram O
Henry, Hill, Kingsley H, Greystone M, 110890, 12, 13, Radcliffe L, 14, Beaumont S, 25, Ravenscroft S, 39, Abernathy S
Emma, Walker, Marlowe S, Kingsley H, 184373, 8, 6, Fitzwilliam J, 3, Kingsley O, 4, Eversley A, 15, Haverford G
James, Torres, Fitzwilliam J, Montgomery C, 148046, 11, 12, Fitzwilliam E, 16, Ormsby M, 11, Wainwright J, 15, Haverford G
Isabella, Thompson, Fairfax O, Fitzwilliam E, 193655, 11, 6, Fitzwilliam J, 13, Radcliffe L, 7, Ashford S, 18, Kingsley H
Camila, Martinez, Greystone M, Davenport W, 185962, 10, 7, Ashford S, 15, Haverford G, 14, Beaumont S, 12, Fitzwilliam E
Lily, Perez, Tennyson C, Vance J, 167681, 7, 39, Abernathy S, 25, Ravenscroft S, 12, Fitzwilliam E, 3, Kingsley O
Aria, Hall, Ravenscroft A, Fairfax O, 104490, 8, 12, Fitzwilliam E, 39, Abernathy S, 19, Montgomery C, 18, Kingsley H
Sophia, Baker, Montgomery C, Ainsworth G, 163719, 11, 3, Kingsley O, 7, Ashford S, 17, Ingram O, 32, Ravenscroft S
Mila, Perez, Haverford G, Sinclair J, 159209, 9, 3, Kingsley O, 26, Whitmore C, 5, Tennyson C, 28, Ainsworth G
Carter, Jones, Marlowe S, Langley G, 131383, 9, 15, Haverford G, 20, Fairfax R, 4, Eversley A, 11, Wainwright J
Samuel, Johnson, Kingsley O, Whitmore C, 112685, 12, 3, Kingsley O, 19, Montgomery C, 4, Eversley A, 31, Galloway J
Ella, Roberts, Sinclair J, Kingsley H, 187496, 11, 3, Kingsley O, 29, Montgomery C, 20, Fairfax R, 12, Fitzwilliam E
Sebastian, Flores, Ravenscroft A, Underwood M, 123608, 11, 6, Fitzwilliam J, 3, Kingsley O, 23, Ravenscroft A, 32, Ravenscroft S
Joseph, Flores, Fairfax O, Ravenscroft S, 112616, 10, 37, Davenport W, 30, Sinclair J, 16, Ormsby M, 26, Whitmore C
Samuel, Hall, Ellsworth G, Ravenscroft S, 129024, 12, 3, Kingsley O, 34, Rutherford E, 28, Ainsworth G, 35, Vance J
Charlotte, Flores, Ingram O, Ravenscroft S, 146156, 8, 33, Langley G, 24, Blackwood I, 26, Whitmore C, 39, Abernathy S
Chloe, Adams, Greystone O, Vance J, 168666, 9, 6, Fitzwilliam J, 39, Abernathy S, 24, Blackwood I, 17, Ingram O
Ellie, Roberts, Greystone M, Montgomery O, 102812, 11, 19, Montgomery C, 18, Kingsley H, 14, Beaumont S, 28, Ainsworth G
Joseph, Williams, Rutherford E, Sinclair J, 189236, 7, 38, Marlowe S, 32, Ravenscroft S, 24, Blackwood I, 36, Kingsley D
Aria, Ramirez, Whitmore C, Ainsworth G, 109041, 9, 38, Marlowe S, 25, Ravenscroft S, 15, Haverford G, 22, Ellsworth G
William, White, Vance J, Fairfax R, 147702, 7, 12, Fitzwilliam E, 15, Haverford G, 19, Montgomery C, 40, Montgomery O
Daniel, Hall, Fitzwilliam E, Fitzwilliam E, 131455, 8, 20, Fairfax R, 11, Wainwright J, 16, Ormsby M, 15, Haverford G
William, Scott, Montgomery C, Ravenscroft S, 185978, 9, 13, Radcliffe L, 18, Kingsley H, 20, Fairfax R, 16, Ormsby M
Mateo, King, Yardley A, Quincy B, 196349, 8, 8, Yardley A, 26, Whitmore C, 34, Rutherford E, 23, Ravenscroft A
Benjamin, Jackson, Fairfax R, Marlowe B, 149667, 7, 17, Ingram O, 16, Ormsby M, 12, Fitzwilliam E, 18, Kingsley H
Amelia, Lee, Rutherford E, Galloway J, 184766, 9, 39, Abernathy S, 33, Langley G, 23, Ravenscroft A, 3, Kingsley O
Benjamin, Taylor, Montgomery O, Fairfax R, 129447, 7, 24, Blackwood I, 21, Fairfax O, 28, Ainsworth G, 3, Kingsley O
Mila, Torres, Montgomery C, Kingsley H, 119727, 8, 30, Sinclair J, 3, Kingsley O, 38, Marlowe S, 24, Blackwood I
Amelia, Hill, Greystone M, Greystone O, 152740, 11, 26, Whitmore C, 21, Fairfax O, 18, Kingsley H, 13, Radcliffe L
William, Nelson, Rutherford E, Greystone M, 184060, 10, 19, Montgomery C, 13, Radcliffe L, 39, Abernathy S, 29, Montgomery C
Jack, Carter, Ellsworth G, Kingsley H, 123165, 11, 29, Montgomery C, 35, Vance J, 38, Marlowe S, 23, Ravenscroft A
Levi, Hernandez, Whitmore H, Tennyson C, 166553, 11, 15, Haverford G, 21, Fairfax O, 31, Galloway J, 41, Whitmore H
Sebastian, White, Langley G, Haverford G, 112484, 7, 14, Beaumont S, 27, Underwood M, 39, Abernathy S, 20, Fairfax R
Isabella, Miller, Underwood M, Davenport W, 176748, 11, 11, Wainwright J, 19, Montgomery C, 16, Ormsby M, 3, Kingsley O
Ella, Roberts, Fitzwilliam J, Quincy B, 185178, 12, 21, Fairfax O, 38, Marlowe S, 23, Ravenscroft A, 31, Galloway J
Lucas, Robinson, Montgomery C, Beaumont S, 108664, 9, 33, Langley G, 25, Ravenscroft S, 14, Beaumont S, 38, Marlowe S
Mia, Taylor, Tennyson C, Vance J, 126801, 11, 38, Marlowe S, 3, Kingsley O, 40, Montgomery O, 32, Ravenscroft S
Owen, Lee, Ingram O, Blackwood I, 105332, 10, 41, Whitmore H, 22, Ellsworth G, 36, Kingsley D, 18, Kingsley H
Ethan, Moore, Vance J, Davenport W, 148920, 12, 18, Kingsley H, 15, Haverford G, 14, Beaumont S, 17, Ingram O
William, Davis, Yardley A, Vance J, 194763, 12, 14, Beaumont S, 15, Haverford G, 12, Fitzwilliam E, 18, Kingsley H
William, Martin, Montgomery C, Kingsley H, 141387, 8, 30, Sinclair J, 34, Rutherford E, 32, Ravenscroft S, 35, Vance J
Scarlett, Rivera, Ellsworth G, Fairfax R, 121366, 7, 14, Beaumont S, 17, Ingram O, 15, Haverford G, 34, Rutherford E
William, Moore, Ellsworth G, Fitzwilliam J, 109118, 12, 14, Beaumont S, 19, Montgomery C, 34, Rutherford E, 13, Radcliffe L
Ellie, Clark, Ashford S, Kingsley H, 197607, 12, 18, Kingsley H, 19, Montgomery C, 20, Fairfax R, 37, Davenport W
Jack, Williams, Fitzwilliam J, Marlowe B, 195150, 9, 34, Rutherford E, 38, Marlowe S, 20, Fairfax R, 36, Kingsley D
Aria, Jones, Fitzwilliam E, Ainsworth G, 144821, 10, 11, Wainwright J, 22, Ellsworth G, 24, Blackwood I, 23, Ravenscroft A
Emma, Brown, Ravenscroft S, Sinclair J, 117066, 9, 17, Ingram O, 30, Sinclair J, 20, Fairfax R, 39, Abernathy S
Zoey, Martin, Blackwood I, Montgomery C, 125857, 11, 13, Radcliffe L, 15, Haverford G, 20, Fairfax R, 11, Wainwright J
Charlotte, Thomas, Fairfax R, Ashford S, 194474, 9, 18, Kingsley H, 3, Kingsley O, 15, Haverford G, 40, Montgomery O
Scarlett, Scott, Blackwood I, Fitzwilliam E, 149962, 12, 32, Ravenscroft S, 17, Ingram O, 12, Fitzwilliam E, 25, Ravenscroft S
Emma, Torres, Ravenscroft S, Kingsley O, 131730, 10, 22, Ellsworth G, 32, Ravenscroft S, 15, Haverford G, 12, Fitzwilliam E
Jack, Thompson, Ashford S, Montgomery C, 127030, 9, 21, Fairfax O, 30, Sinclair J, 20, Fairfax R, 40, Montgomery O
Oliver, Hall, Vance J, Whitmore H, 152304, 9, 41, Whitmore H, 11, Wainwright J, 30, Sinclair J, 31, Galloway J
Gianna, Harris, Fairfax O, Whitmore C, 173403, 7, 18, Kingsley H, 35, Vance J, 40, Montgomery O, 14, Beaumont S
Oliver, Rivera, Fitzwilliam J, Ingram O, 132545, 9, 31, Galloway J, 3, Kingsley O, 28, Ainsworth G, 24, Blackwood I
Luna, Young, Ravenscroft S, Eversley A, 116121, 12, 28, Ainsworth G, 36, Kingsley D, 39, Abernathy S, 38, Marlowe S
William, Rivera, Fairfax R, Beaumont S, 108232, 10, 18, Kingsley H, 11, Wainwright J, 19, Montgomery C, 3, Kingsley O
Isabella, Sanchez, Whitmore C, Marlowe S, 194578, 8, 38, Marlowe S, 26, Whitmore C, 29, Montgomery C, 28, Ainsworth G
Layla, Thomas, Fitzwilliam E, Marlowe B, 106367, 7, 18, Kingsley H, 17, Ingram O, 11, Wainwright J, 19, Montgomery C
Ava, Young, Radcliffe L, Greystone O, 133510, 11, 35, Vance J, 11, Wainwright J, 37, Davenport W, 36, Kingsley D
Aiden, Walker, Tennyson C, Montgomery O, 114339, 11, 30, Sinclair J, 3, Kingsley O, 38, Marlowe S, 40, Montgomery O
Sophia, Harris, Greystone M, Marlowe S, 167089, 12, 20, Fairfax R, 19, Montgomery C, 41, Whitmore H, 15, Haverford G
Nora, Thomas, Whitmore C, Ellsworth G, 115402, 10, 13, Radcliffe L, 27, Underwood M, 31, Galloway J, 29, Montgomery C
Ellie, Hill, Fitzwilliam J, Beaumont S, 145650, 10, 20, Fairfax R, 18, Kingsley H, 15, Haverford G, 19, Montgomery C
Elijah, Clark, Ashford S, Ellsworth G, 116795, 7, 28, Ainsworth G, 25, Ravenscroft S, 15, Haverford G, 3, Kingsley O
Henry, Moore, Montgomery C, Ashford S, 183772, 10, 11, Wainwright J, 19, Montgomery C, 25, Ravenscroft S, 30, Sinclair J
Camila, Campbell, Ingram O, Haverford G, 165545, 10, 14, Beaumont S, 19, Montgomery C, 32, Ravenscroft S, 34, Rutherford E
Emma, Lopez, Yardley A, Fairfax O, 154519, 12, 16, Ormsby M, 19, Montgomery C, 17, Ingram O, 11, Wainwright J
Emma, White, Vance J, Ingram O, 129174, 10, 22, Ellsworth G, 26, Whitmore C, 41, Whitmore H, 20, Fairfax R
Ella, Perez, Kingsley H, Montgomery C, 185829, 12, 16, Ormsby M, 29, Montgomery C, 22, Ellsworth G, 28, Ainsworth G
Ethan, King, Radcliffe L, Ravenscroft S, 108020, 8, 38, Marlowe S, 11, Wainwright J, 40, Montgomery O, 19, Montgomery C
Samuel, Smith, Montgomery C, Whitmore C, 186123, 10, 25, Ravenscroft S, 28, Ainsworth G, 34, Rutherford E, 32, Ravenscroft S
Sebastian, Robinson, Blackwood I, Blackwood I, 134622, 7, 27, Underwood M, 34, Rutherford E, 35, Vance J, 37, Davenport W
Grace, Roberts, Haverford G, Montgomery O, 150610, 8, 30, Sinclair J, 25, Ravenscroft S, 17, Ingram O, 35, Vance J
Sebastian, Thomas, Ravenscroft S, Rutherford E, 181066, 8, 11, Wainwright J, 19, Montgomery C, 21, Fairfax O, 13, Radcliffe L
Aria, Torres, Greystone O, Fairfax R, 101016, 8, 21, Fairfax O, 29, Montgomery C, 38, Marlowe S, 32, Ravenscroft S
Ava, Martinez, Ellsworth G, Ellsworth G, 186507, 11, 20, Fairfax R, 17, Ingram O, 11, Wainwright J, 39, Abernathy S
Charlotte, Harris, Fairfax R, Eversley A, 192444, 12, 18, Kingsley H, 11, Wainwright J, 23, Ravenscroft A, 14, Beaumont S
Logan, Taylor, Abernathy S, Underwood M, 123844, 10, 31, Galloway J, 23, Ravenscroft A, 28, Ainsworth G, 21, Fairfax O
Carter, Wilson, Davenport W, Davenport W, 102131, 8, 39, Abernathy S, 41, Whitmore H, 21, Fairfax O, 27, Underwood M
Levi, Perez, Greystone O, Montgomery C, 101769, 7, 26, Whitmore C, 38, Marlowe S, 34, Rutherford E, 23, Ravenscroft A
Wyatt, Hill, Marlowe S, Ravenscroft A, 190903, 8, 17, Ingram O, 13, Radcliffe L, 16, Ormsby M, 22, Ellsworth G
Harper, Perez, Ravenscroft A, Ravenscroft A, 113936, 7, 40, Montgomery O, 26, Whitmore C, 17, Ingram O, 20, Fairfax R
Daniel, Hernandez, Montgomery C, Wainwright J, 101915, 10, 11, Wainwright J, 17, Ingram O, 32, Ravenscroft S, 28, Ainsworth G
Elijah, Flores, Galloway J, Rutherford E, 140776, 7, 41, Whitmore H, 11, Wainwright J, 26, Whitmore C, 24, Blackwood I
Grace, Roberts, Eversley A, Ingram O, 149093, 8, 18, Kingsley H, 25, Ravenscroft S, 40, Montgomery O, 29, Montgomery C
Alexander, Lee, Ellsworth G, Greystone O, 194733, 12, 17, Ingram O, 29, Montgomery C, 31, Galloway J, 20, Fairfax R
Jackson, Young, Haverford G, Kingsley H, 139608, 8, 25, Ravenscroft S, 27, Underwood M, 29, Montgomery C, 30, Sinclair J
Mila, Nelson, Radcliffe L, Ravenscroft A, 148689, 7, 31, Galloway J, 39, Abernathy S, 36, Kingsley D, 20, Fairfax R
Joseph, Anderson, Davenport W, Blackwood I, 112273, 11, 17, Ingram O, 28, Ainsworth G, 19, Montgomery C, 14, Beaumont S
Aria, Ramirez, Kingsley O, Sinclair J, 156950, 8, 25, Ravenscroft S, 18, Kingsley H, 35, Vance J, 31, Galloway J
Benjamin, Moore, Fairfax O, Rutherford E, 181862, 10, 14, Beaumont S, 17, Ingram O, 19, Montgomery C, 25, Ravenscroft S
Sophia, Brown, Beaumont S, Fitzwilliam E, 161922, 12, 27, Underwood M, 30, Sinclair J, 39, Abernathy S, 34, Rutherford E
Luna, Harris, Beaumont S, Montgomery O, 150420, 10, 18, Kingsley H, 27, Underwood M, 29, Montgomery C, 16, Ormsby M
Ethan, Gonzalez, Kingsley H, Sinclair J, 172479, 11, 41, Whitmore H, 25, Ravenscroft S, 15, Haverford G, 33, Langley G
Scarlett, Walker, Blackwood I, Davenport W, 146803, 7, 11, Wainwright J, 36, Kingsley D, 41, Whitmore H, 20, Fairfax R
Grace, Hall, Montgomery O, Ravenscroft A, 176860, 9, 16, Ormsby M, 31, Galloway J, 18, Kingsley H, 19, Montgomery C
Jackson, Nelson, Ravenscroft A, Ingram O, 151296, 10, 29, Montgomery C, 33, Langley G, 23, Ravenscroft A, 35, Vance J
Harper, Jackson, Marlowe B, Whitmore H, 169428, 10, 32, Ravenscroft S, 34, Rutherford E, 28, Ainsworth G, 37, Davenport W
Logan, Green, Sinclair J, Ashford S, 159589, 9, 17, Ingram O, 25, Ravenscroft S, 23, Ravenscroft A, 37, Davenport W
Jackson, Clark, Montgomery C, Vance J, 152491, 12, 29, Montgomery C, 27, Underwood M, 14, Beaumont S, 20, Fairfax R
Oliver, Robinson, Davenport W, Galloway J, 197261, 10, 38, Marlowe S, 37, Davenport W, 31, Galloway J, 39, Abernathy S
Mateo, Harris, Rutherford E, Montgomery C, 106940, 11, 20, Fairfax R, 17, Ingram O, 32, Ravenscroft S, 14, Beaumont S
Logan, Harris, Wainwright J, Fitzwilliam E, 151104, 7, 11, Wainwright J, 16, Ormsby M, 18, Kingsley H, 38, Marlowe S
Samuel, Lewis, Fairfax O, Langley G, 126309, 11, 29, Montgomery C, 40, Montgomery O, 31, Galloway J, 36, Kingsley D
Levi, Harris, Whitmore C, Ainsworth G, 119611, 10, 37, Davenport W, 26, Whitmore C, 28, Ainsworth G, 20, Fairfax R
Mia, Nelson, Ingram O, Montgomery C, 112975, 12, 32, Ravenscroft S, 34, Rutherford E, 36, Kingsley D, 35, Vance J
Isabella, Thomas, Langley G, Rutherford E, 132270, 7, 22, Ellsworth G, 23, Ravenscroft A, 34, Rutherford E, 21, Fairfax O
Owen, Mitchell, Ellsworth G, Galloway J, 163852, 9, 11, Wainwright J, 17, Ingram O, 15, Haverford G, 19, Montgomery C
Camila, Martin, Fitzwilliam E, Ravenscroft A, 144883, 12, 20, Fairfax R, 32, Ravenscroft S, 36, Kingsley D, 41, Whitmore H
Carter, Miller, Marlowe S, Ormsby M, 198929, 7, 27, Underwood M, 22, Ellsworth G, 35, Vance J, 24, Blackwood I
Jack, Ramirez, Yardley A, Rutherford E, 161339, 9, 30, Sinclair J, 28, Ainsworth G, 37, Davenport W, 22, Ellsworth G
Harper, Lopez, Ormsby M, Yardley A, 174687, 8, 31, Galloway J, 30, Sinclair J, 18, Kingsley H, 25, Ravenscroft S
Joseph, Rodriguez, Langley G, Fitzwilliam E, 190362, 7, 17, Ingram O, 31, Galloway J, 15, Haverford G, 19, Montgomery C
Noah, Williams, Sinclair J, Kingsley O, 184810, 10, 38, Marlowe S, 33, Langley G, 18, Kingsley H, 19, Montgomery C
Olivia, Hernandez, Yardley A, Abernathy S, 188637, 12, 26, Whitmore C, 22, Ellsworth G, 29, Montgomery C, 20, Fairfax R
Logan, Thompson, Vance J, Ravenscroft S, 167867, 10, 24, Blackwood I, 13, Radcliffe L, 38, Marlowe S, 14, Beaumont S
Lucas, Smith, Haverford G, Montgomery C, 194404, 7, 11, Wainwright J, 29, Montgomery C, 17, Ingram O, 15, Haverford G
Mateo, Taylor, Fitzwilliam E, Ashford S, 119943, 8, 41, Whitmore H, 16, Ormsby M, 18, Kingsley H, 19, Montgomery C
Gianna, Taylor, Fairfax R, Vance J, 132202, 10, 20, Fairfax R, 11, Wainwright J, 19, Montgomery C, 15, Haverford G
Logan, Allen, Wainwright J, Montgomery O, 196581, 7, 22, Ellsworth G, 35, Vance J, 39, Abernathy S, 29, Montgomery C
Charlotte, Roberts, Montgomery C, Montgomery C, 134453, 7, 23, Ravenscroft A, 13, Radcliffe L, 16, Ormsby M, 17, Ingram O
Oliver, Hill, Montgomery C, Wainwright J, 169200, 9, 25, Ravenscroft S, 13, Radcliffe L, 40, Montgomery O, 14, Beaumont S
William, White, Ravenscroft A, Ainsworth G, 179769, 7, 11, Wainwright J, 36, Kingsley D, 19, Montgomery C, 17, Ingram O
Mia, Adams, Fairfax O, Ormsby M, 193145, 7, 31, Galloway J, 37, Davenport W, 11, Wainwright J, 19, Montgomery C
Grace, Thompson, Montgomery O, Wainwright J, 169803, 10, 27, Underwood M, 40, Montgomery O, 11, Wainwright J, 17, Ingram O
William, Johnson, Ainsworth G, Montgomery C, 123263, 12, 30, Sinclair J, 41, Whitmore H, 21, Fairfax O, 17, Ingram O
Levi, Wright, Greystone O, Rutherford E, 163500, 9, 25, Ravenscroft S, 30, Sinclair J, 28, Ainsworth G, 16, Ormsby M
Luna, Williams, Sinclair J, Sinclair J, 163331, 10, 27, Underwood M, 23, Ravenscroft A, 19, Montgomery C, 15, Haverford G
Jack, Robinson, Ainsworth G, Ravenscroft S, 193364, 8, 29, Montgomery C, 41, Whitmore H, 22, Ellsworth G, 38, Marlowe S
Evelyn, White, Sinclair J, Vance J, 139595, 7, 32, Ravenscroft S, 21, Fairfax O, 11, Wainwright J, 14, Beaumont S
Mia, Jones, Quincy B, Ravenscroft S, 105915, 10, 34, Rutherford E, 24, Blackwood I, 32, Ravenscroft S, 14, Beaumont S
James, Anderson, Haverford G, Fairfax R, 178749, 10, 40, Montgomery O, 36, Kingsley D, 21, Fairfax O, 22, Ellsworth G
Aria, Perez, Blackwood I, Kingsley D, 112861, 8, 35, Vance J, 16, Ormsby M, 34, Rutherford E, 15, Haverford G
Gianna, Williams, Beaumont S, Rutherford E, 150431, 8, 32, Ravenscroft S, 40, Montgomery O, 11, Wainwright J, 36, Kingsley D
Chloe, Anderson, Montgomery C, Kingsley O, 155374, 12, 35, Vance J, 24, Blackwood I, 38, Marlowe S, 15, Haverford G
James, Flores, Fairfax R, Ravenscroft A, 169834, 9, 37, Davenport W, 28, Ainsworth G, 35, Vance J, 30, Sinclair J
Samuel, Thompson, Yardley A, Fairfax O, 189158, 11, 38, Marlowe S, 16, Ormsby M, 37, Davenport W, 14, Beaumont S
Jack, Lewis, Eversley A, Galloway J, 135946, 10, 41, Whitmore H, 31, Galloway J, 16, Ormsby M, 32, Ravenscroft S
Jack, Mitchell, Kingsley O, Yardley A, 150842, 7, 30, Sinclair J, 33, Langley G, 39, Abernathy S, 20, Fairfax R
Sophia, Baker, Kingsley H, Montgomery C, 142153, 11, 32, Ravenscroft S, 40, Montgomery O, 35, Vance J, 37, Davenport W
Jackson, Lewis, Montgomery C, Kingsley O, 107332, 10, 32, Ravenscroft S, 31, Galloway J, 40, Montgomery O, 22, Ellsworth G
Scarlett, Martin, Vance J, Ravenscroft S, 193064, 9, 22, Ellsworth G, 34, Rutherford E, 23, Ravenscroft A, 31, Galloway J
Evelyn, Torres, Kingsley D, Underwood M, 190917, 8, 25, Ravenscroft S, 37, Davenport W, 36, Kingsley D, 15, Haverford G
